:020000040800F2
:1000000000060020E1020008E3020008E302000805
:10001000E3020008E3020008E3020008E30200082C
:10002000E3020008E3020008E3020008A5770008E5
:10003000E3020008E3020008E3020008E30200080C
:10004000E3020008E3020008E3020008E3020008FC
:10005000E3020008E3020008B1860008DD8600081C
:10006000098700083587000861870008A146000855
:10007000C9460008F5460008214700084D4700081A
:1000800075470008A1470008E3020008E3020008E2
:10009000E3020008E3020008E30200088D8700087D
:1000A000E3020008E3020008E3020008E30200089C
:1000B000E3020008E3020008E3020008E30200088C
:1000C000E3020008E3020008E3020008E30200087C
:1000D000E3020008E3020008E30200087988000850
:1000E000F1870008E3020008E3020008E3020008C9
:1000F000E3020008E3020008E3020008CD4700081D
:10010000E3020008E3020008B5880008E3020008E3
:10011000E30200088D880008E3020008E3020008FB
:10012000F9470008214800084D48000879480008B0
:10013000A5480008E3020008E3020008E302000803
:10014000E3020008E3020008E3020008E3020008FB
:10015000CD480008F948000825490008E3020008D6
:10016000E3020008E3020008E3020008E3020008DB
:10017000E302000891830008E3020008E30200089C
:10018000E3020008E3020008A1880008E302000877
:10019000E3020008E3020008E3020008E3020008AB
:1001A000E3020008E3020008E3020008E30200089B
:1001B000E3020008E3020008E3020008E30200088B
:1001C000E3020008E3020008E3020008E30200087B
:1001D000E30200087D830008E3020008E302000850
:1001E000E3020008E3020008E3020008E30200085B
:1001F000E3020008E3020008E3020008E30200084B
:10020000E3020008E3020008E3020008E30200083A
:10021000E3020008E3020008E3020008E30200082A
:10022000E3020008E3020008E3020008E30200081A
:1002300065880008E3020008E3020008E302000802
:10024000E3020008E3020008E3020008E3020008FA
:10025000E3020008E3020008E3020008E3020008EA
:10026000E3020008E3020008E3020008E3020008DA
:10027000E3020008E3020008E3020008E3020008CA
:10028000E3020008E3020008E3020008E3020008BA
:10029000E3020008E3020008E3020008E3020008AA
:1002A000E3020008E3020008E3020008E30200089A
:1002B000E3020008E3020008E3020008E30200088A
:1002C000E3020008E3020008E3020008E30200087A
:1002D000E3020008E3020008E3020008E30200086A
:1002E00002E000F000F8FEE772B6374880F30888B5
:1002F000364880F3098836483649086040F20000E5
:10030000CCF200004EF63471CEF200010860BFF36B
:100310004F8FBFF36F8F40F20000C0F2F0004EF637
:100320008851CEF200010860BFF34F8FBFF36F8F8B
:100330004FF00000E1EE100A4EF63C71CEF20001E3
:100340000860062080F31488BFF36F8F07F08CFAE3
:1003500006F0F0FB4FF055301F491B4A91423CBF5D
:1003600041F8040BFAE71D49184A91423CBF41F895
:10037000040BFAE71A491B4A1B4B9A423EBF51F83D
:10038000040B42F8040BF8E700201849184A914280
:100390003CBF41F8040BFAE707F0A4FA06F04EFC64
:1003A000144C154DAC4203DA54F8041B8847F9E7A6
:1003B00000F0C4F9114C124DAC4203DA54F8041B9E
:1003C0008847F9E707F08CBA0006002000220020D9
:1003D0000000000808ED00E00000002000060020FA
:1003E000489D00080022002074220020782200206E
:1003F00034670020E0020008E0020008E002000884
:10040000E00200082DE9F04F2DED108AC1F80CD064
:10041000D0F80CD0BDEC108ABDE8F08F002383F338
:1004200011882846A047002006F066F9FEE706F08E
:10043000BFF800DFFEE7000053B94AB9002908BF42
:1004400000281CBF4FF0FF314FF0FF3000F074B9AF
:10045000ADF1080C6DE904CE00F006F8DDF804E01B
:10046000DDE9022304B070472DE9F047089D0446FA
:100470008E46002B4DD18A42944669D9B2FA82F257
:1004800052B101FA02F3C2F1200120FA01F10CFA93
:1004900002FC41EA030E94404FEA1C48210CBEFBCB
:1004A000F8F61FFA8CF708FB16E341EA034306FB54
:1004B00007F199420AD91CEB030306F1FF3080F0E3
:1004C0001F81994240F21C81023E63445B1AA4B230
:1004D000B3FBF8F008FB103344EA034400FB07F7D2
:1004E000A7420AD91CEB040400F1FF3380F00A8113
:1004F000A74240F207816444023840EA0640E41B08
:1005000000261DB1D4400023C5E900433146BDE8B3
:10051000F0878B4209D9002D00F0EF800026C5E955
:10052000000130463146BDE8F087B3FA83F6002E6D
:100530004AD18B4202D3824200F2F980841A61EBE5
:10054000030301209E46002DE0D0C5E9004EDDE703
:1005500002B9FFDEB2FA82F2002A40F09280A1EBEB
:100560000C014FEA1C471FFA8CFE0126200CB1FB40
:10057000F7F307FB131140EA01410EFB03F0884239
:1005800008D91CEB010103F1FF3802D2884200F2C6
:10059000CB804346091AA4B2B1FBF7F007FB101158
:1005A00044EA01440EFB00FEA64508D91CEB0404F6
:1005B00000F1FF3102D2A64500F2BB800846A4EB51
:1005C0000E0440EA03409CE7C6F12007B34022FA3C
:1005D00007FC4CEA030C20FA07F401FA06F31C436B
:1005E000F9404FEA1C4900FA06F3B1FBF9F8200C78
:1005F0001FFA8CFE09FB181140EA014108FB0EF0BE
:10060000884202FA06F20BD91CEB010108F1FF3A0D
:1006100080F08880884240F28580A8F10208614419
:10062000091AA4B2B1FBF9F009FB101144EA014127
:1006300000FB0EFE8E4508D91CEB010100F1FF34D2
:100640006CD28E456AD90238614440EA0840A0FB6A
:100650000294A1EB0E01A142C846A64656D353D040
:100660005DB1B3EB080261EB0E0101FA07F722FA64
:1006700006F3F1401F43C5E9007100263146BDE88D
:10068000F087C2F12003D8400CFA02FC21FA03F3F0
:10069000914001434FEA1C471FFA8CFEB3FBF7F071
:1006A00007FB10360B0C43EA064300FB0EF69E4296
:1006B00004FA02F408D91CEB030300F1FF382FD22F
:1006C0009E422DD9023863449B1B89B2B3FBF7F6D7
:1006D00007FB163341EA034106FB0EF38B4208D9B0
:1006E0001CEB010106F1FF3816D28B4214D9023EF1
:1006F0006144C91A46EA004638E72E46284605E70F
:100700000646E3E61846F8E64B45A9D2B9EB0208DF
:1007100064EB0C0E0138A3E74646EAE7204694E76F
:100720004046D1E7D0467BE7023B614432E73046A2
:1007300009E76444023842E7704700BF38B501F06A
:10074000FFF901F0C3FB06F019FF054607F020F89A
:100750000446D0B90F4B9D4219D001339D4241F25E
:10076000883504BF01240025002006F011FF0CB1DC
:1007700000F078F801F04AFB00F026FD08B100F027
:1007800071F8284600F01CF9F9E70025ECE705466A
:10079000EAE700BF010007B008B501F09DF9A0F13C
:1007A00020035842584108BD07B541F21203022107
:1007B00001A8ADF8043001F0ADF903B05DF804FB19
:1007C00038B5302383F31188174803680BB106F05E
:1007D00077F80023154A4FF47A71134806F066F84B
:1007E000002383F31188124C236813B12368013B63
:1007F0002360636813B16368013B63600D4D2B7820
:1008000033B963687BB9022001F062FA3223636076
:100810002B78032B07D163682BB9022001F058FA1B
:100820004FF47A73636038BD78220020C107000856
:100830009823002090220020084B187003280CD821
:10084000DFE800F008050208022001F031BA0220BA
:1008500001F01EBA024B00225A607047902200201D
:1008600098230020F8B5504B504A1C4619680131B6
:1008700000F0998004339342F8D162684C4B9A425D
:1008800040F291804B4B9B6803F1006303F500330A
:100890009A4280F08880002001F06CF90220FFF776
:1008A000CBFF454B0021D3F8E820C3F8E810D3F87C
:1008B0001021C3F81011D3F81021D3F8EC20C3F89D
:1008C000EC10D3F81421C3F81411D3F81421D3F881
:1008D000F020C3F8F010D3F81821C3F81811D3F89A
:1008E0001821D3F8802042F00062C3F88020D3F8AA
:1008F000802022F00062C3F88020D3F88020D3F853
:10090000802042F00072C3F88020D3F8802022F0CB
:100910000072C3F88020D3F8803072B64FF0E02325
:10092000C3F8084DD4E90004BFF34F8FBFF36F8FB6
:10093000224AC2F88410BFF34F8F536923F48033E7
:100940005361BFF34F8FD2F8803043F6E076C3F3A4
:10095000C905C3F34E335B0103EA060C29464CEA92
:1009600081770139C2F87472F9D2203B13F1200F5C
:10097000F2D1BFF34F8FBFF36F8FBFF34F8FBFF332
:100980006F8F536923F4003353610023C2F8503250
:10099000BFF34F8FBFF36F8F302383F311888546EA
:1009A00080F308882047F8BD0000020820000208F4
:1009B000FFFF0108002200200044025800ED00E083
:1009C0002DE9F04F93B0B44B2022FF2100900AA8EC
:1009D0009D6801F0C5F9B14A1378A3B90121B04867
:1009E00011700360302383F3118803680BB105F0A5
:1009F00067FF0023AB4A4FF47A71A94805F056FF10
:100A0000002383F31188009B13B1A74B009A1A604F
:100A1000A64A1378032B03D000231370A24A536015
:100A20004FF0000A009CD3465646D146012001F003
:100A30003FF924B19C4B1B68002B00F0268200205C
:100A400001F04AF80390039B002BF2DB012001F038
:100A50001FF9039B213B1F2BE8D801A252F823F07A
:100A6000E10A0008090B00089D0B00082D0A000888
:100A70002D0A00082D0A00082F0C0008FF0D0008A1
:100A8000190D00087B0D0008A30D0008C90D000812
:100A90002D0A0008DB0D00082D0A00084D0E000885
:100AA000810B00082D0A0008910E0008ED0A0008CD
:100AB000810B00082D0A00087B0D00082D0A000894
:100AC0002D0A00082D0A00082D0A00082D0A00082A
:100AD0002D0A00082D0A00082D0A00089D0B0008A9
:100AE0000220FFF759FE002840F0F981009B022107
:100AF00005A8BAF1000F08BF1C4641F21233ADF849
:100B0000143001F007F891E74FF47A7000F0E4FF39
:100B1000071EEBDB0220FFF73FFE0028E6D0013F77
:100B2000052F00F2DE81DFE807F0030A0D1013360F
:100B30000523042105A8059300F0ECFF17E004212C
:100B40005548F9E704215A48F6E704215948F3E7E4
:100B50004FF01C08404608F1040801F00DF804218C
:100B6000059005A800F0D6FFB8F12C0FF2D10120B6
:100B70004FF0000900FA07F747EA0B0B5FFA8BFB0F
:100B800001F03AF926B10BF00B030B2B08BF002440
:100B9000FFF70AFE4AE704214748CDE7002EA5D01B
:100BA0000BF00B030B2BA1D10220FFF7F5FD07463D
:100BB00000289BD00120002600F0DCFF0220FFF778
:100BC0003BFE1FFA86F8404600F0E4FF0446B0B151
:100BD000039940460136A1F140025142514100F0D3
:100BE000E9FF0028EDD1BA46044641F21213022172
:100BF00005A83E46ADF8143000F08CFF16E72546F8
:100C00000120FFF719FE244B9B68AB4207D9284609
:100C100000F0B2FF013040F067810435F3E70025B2
:100C2000224BBA463E461D701F4B5D60A8E7002E62
:100C30003FF45CAF0BF00B030B2B7FF457AF02209C
:100C4000FFF7FAFD322000F047FFB0F10008FFF691
:100C50004DAF18F003077FF449AF0F4A08EB0503C7
:100C6000926893423FF642AFB8F5807F3FF73EAFC0
:100C7000124BB845019323DD4FF47A7000F02CFF3E
:100C80000390039A002AFFF631AF039A0137019BC4
:100C900003F8012BEDE700BF002200209423002081
:100CA00078220020C107000898230020902200200D
:100CB00004220020082200200C2200209422002080
:100CC000C820FFF769FD074600283FF40FAF1F2D2E
:100CD00011D8C5F120020AAB25F003008449424532
:100CE000184428BF4246019201F014F8019AFF21EE
:100CF0007F4801F035F84FEAA803C8F387027C4922
:100D00002846019301F034F8064600283FF46DAF01
:100D1000019B05EB830533E70220FFF73DFD00282B
:100D20003FF4E4AE00F064FF00283FF4DFAE00279C
:100D3000B846704B9B68BB4218D91F2F11D80A9B2D
:100D400001330ED027F0030312AA134453F8203CBA
:100D500005934046042205A9043701F04FF9804667
:100D6000E7E7384600F008FF0590F2E7CDF8148079
:100D7000042105A800F0CEFE02E70023642104A8A8
:100D8000049300F0BDFE00287FF4B0AE0220FFF710
:100D900003FD00283FF4AAAE049800F01FFF059061
:100DA000E6E70023642104A8049300F0A9FE0028CC
:100DB0007FF49CAE0220FFF7EFFC00283FF496AED4
:100DC000049800F00DFFEAE70220FFF7E5FC002899
:100DD0003FF48CAE00F01CFFE1E70220FFF7DCFCE3
:100DE00000283FF483AE05A9142000F017FF074642
:100DF0000421049004A800F08DFE3946B9E73220A2
:100E000000F06AFE071EFFF671AEBB077FF46EAE00
:100E1000384A07EB0903926893423FF667AE022017
:100E2000FFF7BAFC00283FF461AE27F003074F44F8
:100E3000B9453FF4A5AE484609F1040900F09CFE0F
:100E40000421059005A800F065FEF1E74FF47A70E3
:100E5000FFF7A2FC00283FF449AE00F0C9FE0028CD
:100E600044D00A9B01330BD008220AA9002000F0CD
:100E70007FFF00283AD02022FF210AA800F070FF4F
:100E8000FFF792FC1C4805F03DFC13B0BDE8F08F65
:100E9000002E3FF42BAE0BF00B030B2B7FF426AE92
:100EA0000023642105A8059300F02AFE07460028C8
:100EB0007FF41CAE0220FFF76FFC804600283FF451
:100EC00015AEFFF771FC41F2883005F01BFC059868
:100ED00000F0DAFF46463C4600F08EFFA6E50646E7
:100EE0004EE64FF0000901E6BA467EE637467CE65C
:100EF0009422002000220020A086010070470000FC
:100F000070470000704700002DE9F04100F5803780
:100F1000044616463B7C5BB9C0681030204400F0A4
:100F2000F9FEE5683544B5F5004FE56002D816B125
:100F3000BDE8F081DEB905F07F0605F11000002163
:100F4000C6F180062044F6B232462E4400F008FF77
:100F5000A06804F11008324600F10060414600F537
:100F6000003006F0ABF830B901233B74E0E74FF4F2
:100F700000463546ECE7A26805F1100140463244D0
:100F80002144A260E268521BE26000F0C3FE02202E
:100F9000BDE8F04100F09CBE183000F0E9BC000054
:100FA00010B5044601F046F8204610BD10B50446C1
:100FB00001F040F8204610BDC0B2A0F14103052B5E
:100FC00002D83738C0B27047A0F16103052B94BF37
:100FD00057383038F6E7000070B504461546084625
:100FE00003220C4900F0A0FE014688B908346E1CAB
:100FF00015F91100FFF7E0FF024616F91100013163
:10100000FFF7DAFF102940EA021004F8010BEFD1D4
:1010100070BD00BF089300082DE9F04FADF53F7D8E
:101020000746416801222AA802F0E6FE002840F0A7
:1010300087800646824681461125DFF80C81DFF85D
:101040000CB101AB4FF4805241462AA803F034F8AA
:10105000002875D1019AB2F5805F71D8002A65D059
:101060000446019A9442ECD2282D0FD008DC132DAF
:101070002DD01E2D39D0112D13D00134A4B2F0E79C
:10108000322D2DD0372D2FD02D2DF6D13B68121BB0
:1010900008EB040138461B692D259847BDF804402C
:1010A000EBE7121B022A09D9594608EB040000F0AD
:1010B0003BFE18B902342825A4B2DEE718F8043044
:1010C0003A2B3DD00A2B1CBFA1461325D5E718F8B3
:1010D00004300A2B34D03A2B04BFA2463225CCE789
:1010E00018F80430202BC8D0264618F804300A2BF4
:1010F0001AD1AAEB090208EB090102A811254F2A0F
:1011000028BF4F2208F0ECF8A21B08EB060116A836
:101110004F2A28BF4F2208F0E3F83B6816AA02A91D
:10112000DB6838469847A8E71E25A6E73B6838469F
:1011300004491B69984701200DF53F7DBDE8F08FFC
:101140000020F9E70A940008A02300200C9300086F
:1011500000F1180110B5044686B00846019100F070
:10116000F1FB2046FFF758FF60B1019902A800F09B
:1011700049FC102204F1080102A808F071F8B0FA45
:1011800080F0400906B010BD70B504460025EEB2EF
:10119000304600F0FFFC58B100213046013500F028
:1011A00009FD08B9002070BD022000F091FDEEE7B6
:1011B0002046FFF731FF0028F4D004F58034207C6E
:1011C00080F00100EFE70000F0B5C9B006F0EEF9DD
:1011D00000F04CFF18B90025284649B0F0BD69461B
:1011E0002A4803F02BF800284BD1294C204603F065
:1011F00055F8284803F052F8274803F04FF82146E5
:10120000224803F0C7F80028E5D1702000F00CFF59
:10121000064610B1214B44600360336830469B683A
:101220009847054600282ED01A4F1948394603F032
:10123000B1F805460028CED1194800F0F5FE044665
:1012400038B1184B4760036000F58033C0E90255A0
:101250001D74236820469B689847054628B10E49AF
:101260000C4803F097F80028B5D1336830465B6826
:1012700098471CB1236820465B68984700F0DEFE63
:10128000AAE70025FAE70446EFE700BF109300083D
:1012900020930008379300084D93000870930008CE
:1012A000140001008C9300082DE9F04FD44A8DB052
:1012B0000B68D0F804A001931A440368D14E1A4475
:1012C000D1F81C90DFF8B4C3DFF8B4B3D0E902342E
:1012D000634003EA0A03634013444A6802920AEB3C
:1012E0007363029CC84A2244C468224484688AEA20
:1012F00004051D40654015448A68039203EB35558B
:10130000039CC24A2244846822448AEA03042C4093
:1013100084EA0A041444CA6805EBF43404921644BF
:1013200083EA0502224056445A4032440E6905962B
:1013300004EBB222059FB64E3E441E4485EA0403E8
:1013400013406B4033444E69069602EB7363069F6D
:10135000B04E3E442E4484EA02051D4065403544AB
:101360008E69079603EB3555079FAB4E3E442644E6
:1013700082EA03042C4054403444A84E4E4405EB0A
:10138000F434164483EA050222405A4032440E6A7D
:10139000089604EBB222089FA14E3E441E4485EA03
:1013A000040313406B4033444E6A099602EB7363A7
:1013B000099F9C4ED1F830E03E44D1F83880F34488
:1013C0002E4484EA02051D40654035448E6AA6F528
:1013D000244703EB35550A964F3F274482EA03041E
:1013E0002C4054403C44CF6A0B9705EBF4340B9EE1
:1013F0008D4F3744029E174483EA050222405A402B
:101400003A448A4F774404EBB2221F4485EA04032E
:1014100013406B403B444F6BBC4402EB7363654429
:1014200084EA020C0CEA030C8CEA040C6544DFF835
:1014300054C2C44403EB3555A44482EA03042C404F
:1014400054406444D1F83CC0794905EBF43461441C
:10145000114483EA050222405A400A44754904EBCC
:10146000B2223144079E194484EA02032B406340B0
:101470000B44714902EBF36331440B9E0D4482EA45
:1014800003012140514029446C4D03EBF151354497
:10149000019E254483EA010414405C402C44684DBD
:1014A00001EBB4443544069E154481EA04021A4017
:1014B0004A402A44634D04EB323235440A9E1D44AF
:1014C00084EA02030B4063402B445F4D02EBF3635D
:1014D0003544059E0D4482EA0301214051402944D0
:1014E0005A4D03EBF1516544254483EA010414404D
:1014F0005C402C44564D01EBB4443544099E1544E0
:1015000081EA04021A404A402A44524D04EB323226
:101510003544049E1D4484EA02030B4063402B447F
:101520004D4D02EBF36345440D4482EA0301214033
:1015300051402944494D03EBF1513544089E2C4458
:1015400083EA010515405D402C44454D01EBB44450
:101550003544039E2A4481EA04051D404D402A4437
:10156000404D04EB32323D442B4484EA020593445F
:101570000D4065402B443C4D02EBF3633544069E21
:10158000294482EA0305254055402944374D03EBA1
:10159000F1514D442C4483EA010515405D4025443A
:1015A00001EBB54581EA050404EA03024A405A44C6
:1015B000A6F5B82B089E05EB3232ABF2BE6B544059
:1015C0005B4423442A4C344402EB33730B9E0C449B
:1015D00085EA020159402144264C344403EB715101
:1015E000029E254482EA03044C402544224C444494
:1015F00001EB3545144483EA01026A40224443E08A
:1016000078A46AD7EECEBDC156B7C7E8DB702024F8
:10161000AF0F7CF52AC68747134630A8019546FDD3
:10162000D8988069AFF7448BBED75C892211906B44
:101630002108B44962251EF640B340C0515A5E26C7
:10164000AAC7B6E95D102FD65314440281E6A1D88B
:10165000C8FBD3E7E6CDE121D60737C3870DD5F424
:10166000ED145A4505E9E3A9F8A3EFFCD9026F6729
:1016700081F6718722619D6D0C38E5FD937198FDAF
:101680008A4C2A8D8E4379A6934C344405EB722202
:10169000059E1C4481EA0503534023448F4C344487
:1016A00002EB33730A9E0C4485EA0201594021443F
:1016B0008B4C4C4403EB7151254482EA03044C40AB
:1016C0002C44884D354401EB3444019E154483EA93
:1016D000010262402A44844D3D4404EB72221D44C1
:1016E00081EA040353402B44804D354402EB3373AD
:1016F000049E294484EA02055D4029447C4D35441A
:1017000003EB7151079E254482EA03044C402C44AC
:10171000784D354401EB3444099E2A4483EA01059F
:1017200065401544744A324404EB7525039E134406
:1017300081EA04026A401A44704B734405EB32722A
:101740000B4484EA0501514019446D4B634402EB9C
:1017500071511C4485EA02034B401C44694B3344DD
:1017600001EB3444019E1D4482EA010363402B4493
:10177000654D04EB73233544069E154463EA01026C
:1017800062402A44614D03EBB2624D4462EA0409AF
:1017900029445F4D89EA0309454449442C445D4D81
:1017A00002EBB1513544049E61EA03081D4488EA06
:1017B0000208444401EB744464EA02034B402B44A6
:1017C000554D04EBF323754463EA010E15448EEA8C
:1017D000040E0EEB0502514D03EBB262354462EA92
:1017E000040E29440A9D8EEA030EA5F580164C4D81
:1017F0007144A6F6833602EBB151264461EA030434
:1018000054403444029E01EB7444354464EA0206B9
:101810001D444E407319089E424D04EBF32335449A
:1018200063EA01061544664072193F4D03EBB2624C
:10183000654462EA040629443C4D5E403144079EFB
:1018400002EBB151354461EA03062C44384D564051
:101850003D443444059E1D4401EB744464EA020394
:101860004B402B44334D04EBF32335440B9E15447E
:1018700063EA010262402A442F4D03EBB262354411
:10188000039E0D4462EA0401594029442B4D02EBAA
:10189000B15135442A4E254461EA030454402C4496
:1018A000099D01EB74442E4464EA02051E4485EA56
:1018B00001039D1903681A440AEB040303EBF523A3
:1018C0000260436083681C44C36819448460C1603B
:1018D0000DB0BDE8F08F00BF44EABEA4A9CFDE4B37
:1018E000604BBBF670BCBFBEC67E9B28FA27A1EA40
:1018F0008530EFD4051D880439D0D4D9E599DBE6CD
:10190000F87CA21F6556ACC4442229F497FF2A43F1
:10191000A72394AB39A093FCC3595B6592CC0C8F81
:10192000D15D84854F7EA86FE0E62CFE144301A3B1
:10193000A111084E827E53F735F23ABDBBD2D72AA9
:1019400091D386EB094B036003F18833436003F1C5
:101950002943A3F59613A3F68B638360A3F1883321
:10196000C3600023C0E90433704700BF012345670B
:101970002DE9F8431446026905460E46E300C2F31A
:10198000C50800F118079B18036122BF43690133A2
:10199000436112F4FC7F436903EB5473436114D039
:1019A000C8F1400907EB08004C4504D22246BDE8C7
:1019B000F84307F065BC403C4A464E4407F060FCE3
:1019C000444439462846FFF76FFCA04606EB04095D
:1019D000B8F13F0FA9EB08010AD94022384607F0B9
:1019E0004FFC39462846A8F14008FFF75DFCEFE7B9
:1019F000A1096FF03F02384602FB014206EB81115C
:101A0000D5E7000070B50B6901F1180506460C46D4
:101A1000C3F3C503EA18501C8022EA54C3F13F0205
:101A2000072A1FD8002100F09BF929462046FFF71E
:101A30003BFC38220021284600F092F92369294610
:101A40002046236563696365FFF72EFC214610225B
:101A5000304607F015FC204658220021BDE87040B2
:101A600000F07EB9C3F137020021E5E72DE9F84F18
:101A70004FF47A7306460D46002402FB03F7DFF8A5
:101A80005080DFF8509098F900305FFA84FA5A1CC1
:101A900001D0A34210D159F824002A4631460368E8
:101AA000D3F820B03B46D847854205D1074B0120EB
:101AB00083F800A0BDE8F88F0134042CE3D14FF483
:101AC000FA7004F01FFE0020F4E700BFE4330020AA
:101AD0001022002014220020002307B50246012115
:101AE0000DF107008DF80730FFF7C0FF20B19DF81A
:101AF000070003B05DF804FB4FF0FF30F9E700008A
:101B00000A46042108B5FFF7B1FF80F00100C0B21A
:101B1000404208BD074B0A4630B41978064B53F8CB
:101B20002140014623682046DD69044BAC4630BCA9
:101B3000604700BFE433002014220020A08601008B
:101B400070B50A4E00240A4D05F05CFA3080286812
:101B50003388834208D905F051FA2B6804440133D5
:101B6000B4F5003F2B60F2D370BD00BFE633002018
:101B7000A033002005F020BB00F1006000F500302C
:101B80000068704700F10060920000F5003005F039
:101B900095BA0000054B1A68054B1B889B1A8342B7
:101BA00002D9104405F02ABA00207047A033002063
:101BB000E633002038B50446074D29B12868204493
:101BC000BDE8384005F032BA2868204405F01CFA18
:101BD0000028F3D038BD00BFA0330020002070479C
:101BE00000F1FF5000F58F10D0F80008704700009A
:101BF000064991F8243033B100230822086A81F89D
:101C00002430FFF7BFBF0120704700BFA43300207E
:101C1000014B1868704700BF0010005C194B013879
:101C20000322084470B51D68174BC5F30B042D0C37
:101C30001E88A6420BD15C680A46013C82421346CC
:101C40000FD214F9016F4EB102F8016BF6E7013AB9
:101C500003F10803ECD181420B4602D22C2203F897
:101C6000012B0424094A1688AE4204D1984284BF4D
:101C7000967803F8016B013C02F10402F3D1581A83
:101C800070BD00BF0010005C24220020CC9300082F
:101C9000022804D1054B4FF000629A617047012879
:101CA000FCD1024B4FF08062F7E700BF000C0258F6
:101CB000022804D1054B4FF400629A617047012855
:101CC000FCD1024B4FF48062F7E700BF000C0258D2
:101CD000022805D1064A536983F4006353617047B3
:101CE0000128FCD1024A536983F48063F6E700BF00
:101CF000000C025870B504464FF47A764CB1412C72
:101D0000254628BF412506FB05F0641B04F0FAFCBC
:101D1000F4E770BD002310B5934203D0CC5CC454EB
:101D20000133F9E710BD0000013810B510F9013F8B
:101D30003BB191F900409C4203D11AB10131013A03
:101D4000F4E71AB191F90020981A10BD1046FCE78B
:101D500003460246D01A12F9011B0029FAD1704736
:101D600002440346934202D003F8011BFAE770478E
:101D70002DE9F8431F4D14460746884695F8242060
:101D800052BBDFF870909CB395F824302BB9202219
:101D9000FF2148462F62FFF7E3FF95F824004146F4
:101DA000C0F1080205EB8000A24228BF2246D6B24D
:101DB0009200FFF7AFFF95F82430A41B17441E4490
:101DC0009044E4B2F6B2082E85F82460DBD1FFF728
:101DD0000FFF0028D7D108E02B6A03EB8203834270
:101DE000CFD0FFF705FF0028CBD10020BDE8F88356
:101DF0000120FBE7A4330020024B1A78024B1A7033
:101E0000704700BFE433002010220020F8B5194CC1
:101E1000194803F07FFF2146174803F0A7FF246805
:101E20004FF47A70154ED4F89020154DD2F804383E
:101E3000114F43F00203C2F80438FFF75BFF20465E
:101E4000104904F0A1F8D4F890200424D2F8043802
:101E500023F00203C2F804384FF4E133336055F83D
:101E6000040BB84202D0314603F0B2FE013CF6D179
:101E7000F8BD00BFC49B000818490020CC330020E7
:101E800014220020CC9B00080C4B70B50C4D04466E
:101E90001E780C4B55F826209A420DD00A4B002193
:101EA00018221846FFF75CFF0460014655F826002B
:101EB000BDE8704003F08CBE70BD00BFE43300206D
:101EC0001422002018490020CC3300202DE9F047CF
:101ED00071B6464B01201D68454BB3F800800023C6
:101EE0001A46194602F0C6FD0446802005F004FAA1
:101EF0000746002862D0002C60D03E4EADB24FF0B5
:101F0000800A7369284643F0C0637361D6F81431C0
:101F100043F0C063C6F8143105F070F805EB080211
:101F200000FB05F34FF4D06C50434FF03D0E984248
:101F300033D93269520144D4D6F81021510140D42A
:101F4000216803F100628A602268D7602268C2F8C3
:101F500004A02268C2F800C0D4F80090D9F800208C
:101F600042F00102C9F80020D4F80090D9F800200E
:101F700022F01E02C9F80020D4F80090D9F8002001
:101F8000D207FBD494F80C90803361680EFA09F202
:101F90000A60CCE7002005F00FF9204602F0AAFD08
:101FA000384605F0E5F9134B5A6942F0C0625A61B0
:101FB000D3F8142142F0C062C3F8142161B6BDE821
:101FC000F0870D4B9A6A42F400729A629A6A42F460
:101FD00000429A6261B60026012005F0EDF8B04596
:101FE000D8D9A819013605F021F8F8E7A033002068
:101FF000E63300200020005200ED00E030B50A4436
:10200000084D91420DD011F8013B5840082340F390
:102010000004013B2C4013F0FF0384EA5000F6D18A
:10202000EFE730BD2083B8ED0121884238BF084674
:1020300005F09AB908B105F09BB9704710B5084C86
:1020400001220849002001F0B3FE23783BB1064885
:1020500003F036FD044803F069FD0023237010BD32
:10206000E8330020DC930008C83600201D482DE925
:10207000F041036D2BB901224FF48051503005F02F
:10208000D9FA194E33780BB1FFF7D8FF0324174F55
:102090004FF00008134D15492846C7F8048003F097
:1020A00037FD284603F070FB48B1013C284603F099
:1020B0003DFD14F0FF04EED1204634700FE00C49D2
:1020C00001220C4801F074FE014618B1284603F0C5
:1020D000F7FCEAE7084800F011F801203070BDE88D
:1020E000F08100BFC8360020E83300203C220020E9
:1020F000DC930008EC330020E09300080FB40020CC
:1021000004B070470068704703460068596870471C
:102110000B0A017043700B0C090E8370C17070477D
:10212000110A027003714170110C120E8170C2709D
:102130001A0A42711A0C1B0E8271C371704700009B
:10214000C36A0239023B8B4283BF4389006C01FBA7
:102150000300002070470000C2F307238A76CB7685
:102160000378032B01BF120C0A75120A4A757047D7
:1021700000F10B010022D30143EA520310F8012BB6
:1021800052FA83F38842DAB2F5D110467047000064
:1021900010B5417804460020013102464901022A67
:1021A00016BFA35C032203EBC03302F101021EBF82
:1021B0009BB203EB500398B29142F0D810BD0000DF
:1021C00002684AB1134613F8011B1F290DD93A2999
:1021D000F9D1911C8B4202D04FF0FF30704712783A
:1021E000302AF9D1036000207047014B18787047FE
:1021F0003836002038B50D46044618B909200023AA
:102200002B6038BD0368002BF8D01A78002AF5D06F
:102210008188DA889142F1D1587804F00FFC10F0EF
:102220000100EBD12368EBE738B50D4640F252319F
:10223000144602F0B9F9FF2807D9012C0BD9030A7B
:10224000022468702B70204638BD30B1002CFAD0C3
:1022500001242870F7E70024F5E70446F3E70000BF
:102260002DE9F8430026D0F8008005460C468E760E
:10227000836B002B4AD098F80030042B4BD13346A7
:102280003546402720E0B7F5187F80F0C480F90676
:1022900006F1010608BF0237D05B02372BB900F503
:1022A000205292B2B2F5006F0DD305F11A01C5F1BB
:1022B000FF0240EA03402144FFF7B6FF002800F088
:1022C000AA80054400200346D8F8102092F8231075
:1022D000B142D8D8002B40F09E80002D00F09B80AA
:1022E00000232544AB766373D8F81020137903F0EC
:1022F0003701DB0621730BD402F13800FFF704FF2E
:10230000C4E9000193896381D3892381BDE8F883FF
:1023100000200146F4E7C36C01335ED1EA6B002371
:102320002E26551E184615F8011F013020290CD005
:10233000052908BFE521092804D10B2B9EBFE7180A
:1023400001337E73E718013379730B28EBD1E11861
:1023500000204873A17E00294BD1002B40D06FF0A4
:102360000C0604F10D000825361B331810F8011B6C
:10237000002938D02E298BB24AD0A3F14101192966
:1023800003D8117B0D4200D020330373EDE7B9F180
:10239000000F05D100F520539BB2B3F5006F0BD3AE
:1023A00007F11A01C7F1FF0240EA09402144FFF793
:1023B0003BFF48B10744002002368146D8F80C3074
:1023C000985B0028E3D13846B9F1000F4FF00002C6
:1023D00018BF002023189A76A0E7B1463746EDE7EC
:1023E0003F23A3760123234400219976137B03B96D
:1023F0006373D37A02F11C0003F03F0323730023BD
:10240000FFF780FE20606360D38A6381138B7CE7D3
:1024100010250B46B9E73F230125A37660E70000AE
:1024200038B50546002435F8020B08B9204638BDFA
:1024300002F0EEF86308C2B203EBC43312FA83F37E
:102440009AB2C0F3072303EB520303EBC2339CB2EF
:10245000E9E7000037B5C37804461BB900252846D4
:1024600003B030BD00F14C01826C01234078019132
:1024700004F00AFB054680B9A36BE070A06C226BE8
:10248000C31A9342EAD2A3780199022BE6D10244FF
:102490000123607804F0F8FAE1E70125DFE70000A6
:1024A00038B5836C05460C468B4210D0FFF7D2FF3F
:1024B00060B92246012305F14C01687804F0C0FAA6
:1024C00000281CBF4FF0FF340120AC6438BD002051
:1024D000FCE7000038B500230446C3704FF0FF331B
:1024E0008364FFF7DDFF00284BD1B4F84A524AF667
:1024F00055239D4207D10B22254904F14C0006F0DB
:10250000AFFE00283FD094F84C30EB2B03D01833AB
:10251000DBB2012B2ED84AF655239D4206D1082264
:102520001C4904F19E0006F09BFE48B3B4F85730F6
:10253000B3F5007F1ED194F85930DBB15A1E1A4210
:1025400018D1B4F85A30ABB194F85C30013B012B90
:1025500010D8B4F85D306BB1B4F85F307F2B06D87B
:1025600004F16C00FFF7CEFDB0F5803F02D3B4F864
:10257000623053B94AF6552085420CBF0220032031
:1025800038BD0420FCE70120FAE70020F8E700BF8F
:102590000C9400081894000802392DE9F04701F066
:1025A00007044FF0010A466C05460AFA04F4174680
:1025B000984606EB1136C1F3C809E4B23146284605
:1025C0000136FFF76DFF18B10120BDE8F08799468D
:1025D00005EB090292F84C30234214BF012100217F
:1025E000414513D06340013F82F84C3085F803A089
:1025F000EBD0640014F0FF04EAD109F101030124D7
:102600004FF00009B3F5007FE1D1D7E70220DCE706
:1026100001290246F8B50C4640F28C800668F36A40
:102620008B4240F287803378013B032B00F282809B
:10263000DFE803F00229384B04EB5405B16B304658
:1026400001EB5521FFF72CFF10B14FF0FF30F8BD23
:102650006F1CC5F30805B16B3046354401EB5721BB
:1026600095F84C50FFF71CFF0028EED1C7F3080780
:10267000E3073E4496F84C0045EA00204CBF0009B1
:10268000C0F30B00E3E7B16B304601EB1421FFF719
:1026900007FF0028D9D1640004F4FF742644B6F87B
:1026A0004C00D4E7B16B304601EBD411FFF7F8FED4
:1026B0000028CAD1A40006F14C0004F4FE742044A2
:1026C000FFF720FD20F07040C1E7D0E90430D57954
:1026D00053EA000101D0916801B95DBB9168022DF8
:1026E000A4EB01010DD1013B728940F1FF305B0A7F
:1026F00043EAC053B3FBF2F399421BD81CD0601CD1
:10270000A5E7032D02D193698B42F8D8D3699BB911
:10271000B16B304601EBD411FFF7C2FE002894D113
:10272000A0004C3600F4FE703044FFF7EBFC20F0C4
:1027300000408CE701208AE76FF0004087E7000047
:10274000F8B5066804460D463378042B0CBF4FF0ED
:1027500080524FF400128A4201D80220F8BDCA0606
:10276000FBD182680163D2B9022B13D83389B3EB52
:10277000551FF2D9F36BA363A36B6263002BECD0FC
:1027800003EB55234C36C5F308050020A3633544FD
:10279000E563E3E7F36BC271002BE7D01A46778954
:1027A0007F02BD42114604D23046FFF7C9FCA06348
:1027B000E2E72046FFF72CFF431C024606D0012823
:1027C000CBD9F36A8342C8D9ED1BEAE70120C5E7FC
:1027D00001292DE9F04706460C46174608D9C36A79
:1027E0008B4205D90378022B62D003D8012B22D06B
:1027F000022552E0033B012BFAD8816B01EBD41187
:10280000FFF74EFE0546002847D1A40006F14C0311
:1028100004F4FE741C443378042B07D0204627F0C0
:102820007047FFF76FFC00F07040074339462046C1
:10283000FFF76EFC2FE001EB5108816B01EB582193
:10284000FFF72EFE054640BB14F0010406F14C09CB
:1028500008F1010AC8F3080808BFFBB230461FBFE1
:1028600019F8083003F00F023B0103F0F00318BF22
:10287000134309F808300123B16BF37001EB5A21BF
:10288000FFF70EFE054640B9CAF3080A44B1C7F384
:10289000071709F80A700123F3702846BDE8F0878E
:1028A00019F80A30C7F3032723F00F031F43F0E79B
:1028B000816B01EB1421FFF7F3FD05460028ECD1F5
:1028C000640006F14C0304F4FF741F551919C7F393
:1028D00007274F70DFE70000F8B504460E4617469D
:1028E000E3690BB91846F8BD012BA6EB0305206878
:1028F00014BFAA1C3A46691CFFF76AFF0028F2D1F0
:10290000E369013BE361EBE701292DE9F843064662
:102910000C461746056802D80220BDE8F883EB6A2A
:102920008B42F9D97AB9A14621463046A046FFF735
:102930006FFE0446B0B92B78042B02D1002F43D18F
:10294000F7710020E9E72B78042B02D1C379022B21
:10295000E9D04FF0FF3239462846FFF739FF00280B
:10296000E1D0DAE70128D7D0421C01D10120D4E719
:102970002B78042B19D1EA6AAB69023A93421CD333
:1029800008F10102A2420CD02B78042B08D10023BD
:10299000A2EB090249462846FFF7FEFD0028BCD1FC
:1029A000A146EB6AA342BFD8C5E7002241462846AC
:1029B000FFF70EFF0028DED0AFE70133AB612B79C4
:1029C00043F001032B71DBE7F3798BB9B468BC42A8
:1029D00002D10223F371B4E721463046FFF718FE17
:1029E000012899D9431CC1D001348442EFD0A8E713
:1029F000032BA6D1B368BB42A3D8B2691344BB4230
:102A00009FD3E6E770B5C3790446032B06D18168EE
:102A10008369CD18A94203D10023E371002070BD62
:102A20004E1C20683246FFF7D3FE0028F7D131460E
:102A3000F0E700002DE9F74305460191FFF70AFD95
:102A40000446002849D105F14C09019928464FF464
:102A50000072FFF775FB2146A86407464846FFF75A
:102A60007FF96C896402B4F5004F28BF4FF400442D
:102A7000B4F5007F2FD9204604F07EFC804630B1AB
:102A800022460021640A0026FFF76AF909E064087B
:102A9000EEE72346BA194146687803F0F5FF18B906
:102AA00026446B899E42F4D3404604F075FC688945
:102AB000801B18BF012003B0BDE8F08301366B898D
:102AC0009E42F4D20123BA194946687803F0DCFF2C
:102AD0000028F3D0EBE70026F1E70120EBE7000048
:102AE000F8B50446FFF7B6FC0546002842D1237826
:102AF000032B37D12779012F34D104F14C0601463D
:102B00004FF400723046FFF72BF955234122722112
:102B100084F84A32AA2304F50D7084F84F2084F813
:102B20004B32522384F8301284F84C3084F84D3004
:102B3000612384F8311284F84E3084F83332A1696D
:102B400084F83222FFF7E4FA616904F50E70FFF7AA
:102B5000DFFA626B3B46314601326078A26403F0D3
:102B600093FF257100226078114603F0B1FF003811
:102B700018BF0120F8BD000000232DE9F0430B60D1
:102B800085B00F461546FFF71BFB061EC0F2B2814B
:102B9000804B53F82640002C00F0AE813C6005F0DD
:102BA000FE0523786BB1607803F048FFC70708D4AF
:102BB0001DB110F0040500D00A25284605B0BDE877
:102BC000F0830023F0B22370607003F023FFC1078D
:102BD00000F194810DB14207EED400212046FFF7A9
:102BE00079FC022840F099806E4604F2122304F228
:102BF0005221324618461033FFF784FA42F8040B8C
:102C00008B42F7D1002556F8041B00297DD02046C1
:102C1000FFF760FC012879D80128A26C40F0C08041
:102C200004F1570304F18C0113F8015B002D7BD1F3
:102C30008B42F9D1B4F8B430B3F5807F74D194F8F5
:102C4000B830092B70D104F19400FFF75DFA4FF012
:102C5000FF33171841F10001BB4275EB010363D349
:102C600004F1A000FFF74EFA94F8BA302063012B6C
:102C7000A37059D194F8B99003FA09F91FFA89F3AE
:102C80006381002B50D0444B04F1A800FFF73AFABF
:102C90000646984248D8831C626304F1A400E362AC
:102CA000FFF730FA00EB020804F19C00C4F8408002
:102CB000FFF728FA10441FFA89F2A06306FB02F31B
:102CC00013EB080345EB05029F4271EB02032BD384
:102CD0002E4604F1AC00FFF715FAE06365B963898D
:102CE000B34221D9E16B2046FFF72AFA8119204629
:102CF000FFF7D6FB98B90136631993F84C30812B56
:102D000014D02035C5F30805E8E703200135042D6C
:102D10007FF479AF042807D101E0042801D101250F
:102D20004BE701287FF678AF0D2546E705F1140043
:102D300004F14C063044FFF7E5F901280546F3D9C4
:102D4000E36A8342F0D96189821E236C02FB01335E
:102D50006364A16B204601EBD511FFF7A1FB0028AE
:102D6000DDD105F07F0006EB8000FFF7CBF9431CB7
:102D700003D00135A842ECD0D6E70425C4E905000C
:102D8000064A257000251388E56101339BB2138044
:102D9000E38012E73C360020FDFFFF7F4036002035
:102DA000B4F85730B3F5007FBED1B4F8626026B9ED
:102DB00004F17000FFF7A6F9064694F85C3026632C
:102DC000591EA3700129AFD894F859506581002D80
:102DD000AAD0691E2942A7D1B4F85D8018F00F0F60
:102DE000A4F80880A0D1B4F85F0018B904F16C0011
:102DF000FFF788F9B4F85A10002995D006FB03FEB6
:102E000001EB181CF44460458ED3A0EB0C00A842E3
:102E1000B0FBF5F388D33E48834285D84FF6F57072
:102E200083426DD903259F1C114402EB0C03032D33
:102E3000E7626263A16323644CD1B4F8763053EA4D
:102E400008037FF471AFBB0004F17800FFF75AF973
:102E5000E06303F2FF13B6EB532FFFF465AF4FF0BF
:102E6000FF33032DC4E905334FF08003237187D16D
:102E7000B4F87C30012B83D1511C2046FFF710FBA6
:102E800000287FF47DAFB4F84A224AF6552320711A
:102E90009A427FF475AF1F4B04F14C00FFF732F9F3
:102EA00098427FF46DAF03F1FF5304F50C70FFF708
:102EB00029F903F50053203398427FF461AF04F5FC
:102EC0000D70FFF71FF9A06104F50E70FFF71AF9F6
:102ED000606155E7B8F1000F3FF426AF7144022D51
:102EE0004FEA4703E1631EBFD91907F0010303EB63
:102EF0005103AEE70B2560E60C255EE603255CE694
:102F000040F6F575AB428CBF022501258BE700BF6B
:102F1000F5FFFF0F525261412DE9F84F0746056852
:102F2000884649B96E69C6B1EB6AB34298BF0126BB
:102F3000AB69A3B9002405E0FFF76AFB012804464A
:102F400003D801242046BDE8F88F421C00F0D2804F
:102F5000EB6A8342F6D84646EAE70126E8E72A7894
:102F6000EB6A042A40F08380A6F1020A023B4FF08C
:102F7000010B9A4528BF4FF0000AD146696C2846DC
:102F800001EB1931FFF78CFA00283BD109F0070358
:102F9000EA6AC9F3C8010BFA03F3901EDBB26A18A0
:102FA0004C4609F1010992F84C20814502EA0302DE
:102FB00033BF5B0000234FF40071DBB228BF99469A
:102FC000B2B90234631E0333BCD80123214628461C
:102FD0001A46FFF7E1FA0228B3D0012800F08A80F0
:102FE000B8F1000F13D10223FB710028A9D130E002
:102FF000CA450AD0002BD2D10131B1F5007FBDD234
:103000000123CCE74FF0FF34DCE70024DAE7FB795B
:10301000022B07D1731CA342E7D0BB68F31ABB6134
:103020000323FB7108F10102FB69A24205D113B130
:103030000133FB61D9E70223FBE70BB90123FB61F5
:10304000224641463846FFF747FC00284FD101236E
:10305000FB61EA6AAB69023A6C6193429CBF03F17F
:10306000FF33AB612B7943F001032B716AE74645CF
:1030700014D1741C3846A34298BF02242146FFF79E
:10308000C7FA01283FF45DAF431C33D0E0B16B6950
:10309000012B03D9EA6A934238BF1E4634460134F5
:1030A000EB6AA34203D8012E7FF644AF02242146E7
:1030B0003846FFF7ADFA48B101283FF442AF01307E
:1030C00018D0B442EBD135E7002CE7D04FF0FF32F7
:1030D00021462846FFF77CFB48B9B8F1000FB8D06D
:1030E000224641462846FFF773FB0028B1D001284D
:1030F0007FF427AF4FF0FF3424E700002DE9F843B9
:1031000006680446076B894633782037042B0CBFCA
:103110004FF080534FF40013BB429CBF00238363E6
:10312000836B73B1C7F30808B8F1000F3CD10133CA
:10313000416B836339B93389B3EB571F34D800230C
:10314000A36304200AE07389013B13EA57232BD1C0
:10315000FFF75EFA0128054602D80220BDE8F88391
:10316000421C01D10120F9E7F36A834216D8B9F174
:10317000000FE4D0616B2046FFF7CEFE0546C8B1D4
:103180000128EAD0431CEDD001463046FFF752FC3F
:103190000028E7D1E37943F00403E3712946304680
:1031A0006563FEF7CDFFA0634C36002027634644DD
:1031B000E663D3E70720D1E7F8B50E4600210446C1
:1031C0000768FFF7BDFA98B90546A16B3846FFF7C7
:1031D00067F968B93A78E36B042A1B780CD11B06AF
:1031E0000ED5054601212046FFF788FF0028ECD0C8
:1031F000042808BF072006E0E52B01D0002BF0D102
:103200000135B542EED1F8BDC16C4B1C2DE9F04142
:1032100004460568066B1FD1E5274FF00108A16B36
:103220002846FFF73DF998B92A78E36B042A09BFCD
:103230001A781F7002F07F021A7085F80380236BE2
:10324000B3420DD200212046FFF758FF0028E6D0F8
:10325000042808BF022003E0FFF772FA0028DBD041
:10326000BDE8F0812DE9F04105460068A96B0669CB
:10327000FFF716F9044620B9EB6B1A78852A03D0BC
:1032800002242046BDE8F081324603F1200153F8C4
:10329000040B8B4242F8040BF9D1777801377F0198
:1032A000A7F16003B3F5007FEAD800212846FFF7B5
:1032B00025FF04280446E3D00028E2D1A96B286842
:1032C000FFF7EEF804460028DBD1EB6B1A78C02A32
:1032D000D6D106F1200203F1200153F8040B8B42F2
:1032E00042F8040BF9D196F823300F222C33B3FBAC
:1032F000F2F3B7EB431FC3D34FF040080021284639
:10330000FFF7FCFE04280446BAD00028B9D1A96B07
:103310002868FFF7C5F804460028B2D1EB6B1A788D
:10332000C12AADD1B8F5187F09D206EB080203F126
:10333000200153F8040B8B4242F8040BF9D108F139
:1033400020084745DAD8B8F5187F9AD83046FEF7F6
:103350001FFF7388834294D092E700000B6800221D
:1033600010B5036004460B6A83604B6AC261C37187
:1033700023F0FF03896AC0E90432C164FFF7E0F972
:1033800020B92046BDE81040FFF76CBF10BD00001B
:10339000F8B50368054601271C692046FEF7F8FECC
:1033A000A070000A6678E0702846E96CFFF7C8F95B
:1033B00020B1022828BF0220C0B2F8BDA96B28683E
:1033C000FFF76EF80028F4D1EB6B04F1200254F8FB
:1033D000041B944243F8041BF9D12B68DF70002EC4
:1033E000E7D000212846013EFFF788FEE0E7000015
:1033F0002DE9F8434FF0FF080646076804244546C8
:103400004FF6FF79B16B11B9002C73D063E03846E9
:10341000FFF746F8044600285DD1F06B0378002BD7
:103420006ED03A78042A11D1852B4DD1336B3046BA
:10343000F364FFF717FF044600284CD13B691B7962
:1034400003F03F03B3712046BDE8F883C27AE52B51
:1034500002F03F02B27143D02E2B41D022F0200166
:1034600008293DD00F2A40D1590637D503F0BF05B2
:10347000336B90F80D80F364437B434530D1428B2E
:1034800072BB03780D21FC6823F04003DFF874E081
:10349000013B4B4301211EF801CB30F80CC009B3AE
:1034A000FF2B1DD824F813C06146013301320D2AC9
:1034B000F1D10278520605D521B1FF2B10D8002298
:1034C00024F81320013DEDB200213046FFF716FE2F
:1034D0000446002896D00023B363B4E7AB42CBD0B8
:1034E000FF25F1E7CC45E1D0FAE72DB9FEF740FE24
:1034F000404501D10024A6E74FF0FF33F364A2E773
:103500000424E8E7B49400082DE9F04F002187B0C7
:103510000446D0F80090FFF713F9804670B999F887
:103520000030042B33D1D9F80C00FEF779FF0746A1
:103530002046FFF75DFF054620B18046404607B0B4
:10354000BDE8F08FD9F810309A8CBA42F0D193F8D8
:1035500023B040265D4506D1D9F80C3033F815303C
:10356000002BE5D1EAE7F106D9F8103008BF0236A2
:10357000985B01F04DF8D9F80C30824633F815000D
:1035800001F046F88245D3D102360135E2E74FF02B
:10359000FF0A4FF0FF3B5546C4F84CB0A16B4846BC
:1035A000FEF77EFF00285CD1E66B3778002F77D0DE
:1035B000F27AE52F02F03F03A37103D0120704D57E
:1035C0000F2B04D0C4F84CB04FE00F2B54D194F81B
:1035D0004B3058063FD4790645D5236B07F0BF071B
:1035E00096F80DA0E364737B53453ED1738B002B9B
:1035F0003BD135780121D9F80C3005F03F05019316
:103600000D23013D5D43284B13F8012BB25A71B3D2
:10361000FF2D059329D81046049200F0F9FF6B1C8A
:1036200003900293019B33F8150000F0F1FF03991A
:1036300081421AD1049A029D1146059B1B4A93426E
:10364000E2D133785A0604D519B1019B33F815300D
:103650005BB97D1EEDB200212046FFF74FFD00282B
:103660009CD080466AE7BD42BDD0FF25F3E74FF608
:10367000FF708242E2D0F8E72DB93046FEF778FDC0
:1036800050453FF45BAF94F84B30DB079AD40B22E4
:1036900004F14001304605F0E3FD002892D14DE7EA
:1036A0004FF004084AE700BFB4940008C194000832
:1036B0002DE9F04F90F84BB099B004461BF0A005EF
:1036C00040F068810668F26832F81530002B4AD164
:1036D0003378042B40F087800F230E352046B5FB4E
:1036E000F3F5A91CFFF768FD8146002877D1236B0D
:1036F0000135A3EB4515E3795A07E56435D523F089
:1037000004032046E371FFF77DF950BB4FF0FF3211
:10371000616B2046FFF7E0F818BBA3682BB3214686
:1037200004A8FFF71BFEE0B970894FF40071D4E9DB
:103730000423E0FB01233069C4E904233830FEF799
:10374000EFFC3069D4E904232830FEF7E9FCE37983
:10375000326904A843F0010382F82130FFF718FE14
:1037600018B181463BE00135AEE7D6E9035440226B
:1037700000212046FEF7F4FA852301214022237020
:10378000C0234FF0C10C04EB010884F82030002363
:103790001E469E46571C04F802C0F0B2023204F8DE
:1037A00007E021B135F8131009B10133DBB20F0A7C
:1037B000A15408F802700232D706F2D135F813701E
:1037C0000136002FE6D184F82330831C284663702D
:1037D000FEF726FE84F82400000A84F825004846F7
:1037E00019B0BDE8F08F04F140070DF1100A1BF08D
:1037F000010F97E807008AE8070000F0D380402314
:103800004FF0010884F84B30BC46F368B8F1050F5F
:103810009AE80700ACE803002CF8022B4FEA1242AA
:103820008CF8002059D9981E424630F8021F002912
:1038300042D10DF10F0C072102F00F0E9146120933
:103840000EF13000392888BF0EF1370001390CF82D
:10385000010902D0B9F10F0FEED818AB7E205A182B
:1038600002F8580C38460022914206D010F801CBDD
:1038700002F1010EBCF1200F31D104F13F0C0729F8
:1038800002F1010297BF18AB20205818013198BFF0
:1038900010F8580C072A0CF80200F0D92046FFF760
:1038A00033FE8146002878D108F10108B8F1640F91
:1038B000AAD14FF0070992E74FF0100C01F0010E6A
:1038C00049080EEB4202D30344BF82F4883282F0EF
:1038D0002102BCF1010CF1D1A7E74246A9E77246EB
:1038E000C2E7216B2046A1EB4511FEF729FF814677
:1038F00000287FF474AF4FF6FF783846FEF738FCA7
:103900000190A16B3046FEF7CBFD814600287FF485
:1039100066AFE36BE9B2019A4FF00D0CD6F80CE0FC
:103920005A734FF00F02DFF8E0A0DA724A1E1873E4
:103930000CFB02F284469876D87640451AF8019B33
:103940000CF1010C18BF3EF8120003EB090B18BF75
:10395000013203F809004FEA1029002808BF404649
:10396000BCF10D0F8BF80190E7D1404502D03EF835
:1039700012200AB941F040011970012300212046AC
:10398000F370FFF7BBFB814600287FF428AF013DB1
:10399000B7D11BE04FF0060921E704287FF41FAFE1
:1039A00084F84BB01BF0020F20461BBF0C350D21D5
:1039B0000125B5FBF1F518BF01352946FFF7FCFBE2
:1039C000814600287FF40BAF013D8AD1A16B3046C0
:1039D000FEF766FD814600287FF401AF01462022F4
:1039E000E06BFEF7BDF9E36B03CF18605960BA785E
:1039F00039889A72198194F84B30E26B03F01803FE
:103A000013730123F370EAE6B494000810B504467A
:103A10000A463430FEF776FB886004F13800FEF782
:103A200073FBC2E9040194F8213003F00203D3715F
:103A30000023D36110BD000003284B8B04BF8A8A8A
:103A400043EA0243184670472DE9F04F0B7899B0CE
:103A5000044689462F2BD0F800B001D05C2B09D149
:103A60004A461378914601322F2BFAD05C2BF8D0BE
:103A7000002301E0DBF81C30A3600023E3619BF826
:103A80000030042B1ED1A368E3B1DBF820302146BF
:103A900004A82362DBF824306362DBF82830A362D9
:103AA000FFF75CFC0346002854D1DBF8102002F13C
:103AB0003800FEF727FBC4E9040392F8213003F035
:103AC0000203E37199F800301F2B00F23581802347
:103AD0000021204684F84B3019B0BDE8F04FFEF7C6
:103AE0002FBE49460B78894601312F2BFAD05C2B2B
:103AF000F8D01F2B8CBF00250425012F2FD1138850
:103B00002E2B31D1002322F8173004F140029F42BE
:103B10008CBF2E21202101330B2B02F8011BF6D183
:103B200045F02005204684F84B50FFF7EDFC94F853
:103B30004B30002800F0E78004280BD1990603F0F1
:103B4000040240F1DC80002A00F0F680802300208F
:103B500084F84B3019B0BDE8F08F0425CDE7022F73
:103B600002D153882E2BCAD0911E87BB002322F886
:103B70001730002F00F0118132F81300194601337D
:103B80002028F9D009B92E2801D145F00305901E4F
:103B900030F817302E2B01D0013FF9D14FF02033F0
:103BA0004FF0000A6364D0462364C4F8473008230A
:103BB000481C32F811600090F6B1202E03D02E2E52
:103BC0000DD1B84210D045F003050099F0E731F867
:103BD0001730202B01D02E2BC8D1013FC5E79A45C5
:103BE00005D20099B9423BD10B2B30D101E00B2B10
:103BF00027D145F003050B2394F84020E52A04BFA4
:103C0000052284F84020082B04BF4FEA88085FFA99
:103C100088F808F00C030C2B03D008F00303032BE7
:103C200001D145F00205A8073FF57CAF18F0010F60
:103C300018BF45F0100518F0040F18BF45F008052F
:103C400070E70099B94202D045F00305D4D84FEA95
:103C500088080B234FF0080A00975FFA88F8B4E74A
:103C60007F2E15D9304640F25231CDE9022345F07E
:103C70000203019300F098FC10F0800F0646DDE986
:103C8000022316D000F07F0646498E5D019D46B3A3
:103C900031464548CDE9012305F00CFBDDE9012360
:103CA000F8B9A6F1410189B219291ED848F00208D5
:103CB00010E0FF28EAD9591E8A4503D345F00305D1
:103CC0009A4682E704EB0A01000A0AF1010A019D03
:103CD00081F8400004EB0A010AF1010A81F8406012
:103CE00073E745F003055F26F4E7A6F1610189B2A9
:103CF00019299EBF203E48F00108B6B2EAE7002A23
:103D000008BF052026E75A073FF524AFA379DB0655
:103D100045D59BF80000042835D1A3682146E279F7
:103D200023622369DBF8100023F0FF03134363626F
:103D3000E36CA362FFF76AFE23680027DA6819F8CC
:103D4000010B00283FF409AF40F25231009200F01D
:103D50004BFC054608B31F28009A7FF6FEAE2F28BD
:103D60003FF4BFAE5C283FF4BCAE7F2805D80146C7
:103D70000E4805F09FFA009A78B9FF2F0DD022F86F
:103D800017500137DBE7216B0BF14C03C1F308013E
:103D90001944FFF751FEA060CEE70620DAE60520C1
:103DA000D8E600BF349400082D940008249400083D
:103DB0001FB5CDE9001003A814460391FEF700FAE1
:103DC000002815DB0B4A52F820300BB10021197086
:103DD000019B0BB10021197042F820302CB1002258
:103DE00001A96846FEF7C8FE0446204604B010BD8F
:103DF0000B24FAE73C3600202DE9F04798B09046B6
:103E000005460191002800F0528102F03F0603A907
:103E100001A83246FEF7B0FE002840F04681039B21
:103E20004FF48C60049303F0A7FA0746002800F0D3
:103E30004081039B00F500720199D86004A81A61C3
:103E4000FFF702FE044620B99DF95B30002BB8BF96
:103E5000062418F01C0F00F0CD80002C4CD0042C50
:103E600040D104A8FFF724FC044600283AD146F0CC
:103E70000806039B1A78042A40F0838018692946B3
:103E80002B60FFF7C3FD039B1E220021186902303F
:103E9000FDF766FF039C00211A2220692630FDF7FA
:103EA0005FFF236920221A71246903F09FFA0146FB
:103EB000012208342046FEF72BF9039B04A81B6956
:103EC00083F82120FFF764FA044658B9A96801B3C2
:103ED00002462846FEF718FDAB68039A0446013BEC
:103EE0005361B4B1384603F057FA0CB100232B608C
:103EF000204618B0BDE8F0879DF8163013F0110F7A
:103F000040F0848018F0040F40F0C98018F0080FCA
:103F1000AFD1039A31071399936C48BF46F040061E
:103F2000E964AB641078042872D1069B9DF81710E1
:103F30002B62089B106923F0FF030B4329466B6239
:103F4000179BAB62FFF762FDDDF80CA00024002296
:103F500005F15008BAF8063021464046C5F800A0E1
:103F6000AB80002385F8306085F831406C64C5E98A
:103F70000E234FF40072FDF7F3FEB20653D4002473
:103F8000B0E703F033FA0146009013980E30FEF7C5
:103F9000BFF8139800991630FEF7BAF8039C1399EE
:103FA0002078FFF749FD202300228046CB7220466F
:103FB0001399FEF7D1F8139B002201211A775A7743
:103FC0009A77DA77039BD970B8F1000FA1D04146F8
:103FD00004A8D3F84890FEF797FC0446002881D146
:103FE00049460398FEF75CFA039B044608F1FF304C
:103FF000586176E7002C7FF475AF9DF81630DC062B
:104000004FD418F0020F84D0D80782D5072469E76F
:10401000FFF712FD0023A86001F11C00FEF772F803
:104020006B61286190E7D5E9046956EA0903A6D0D7
:10403000BAF80AA0A9684FEA4A2AC5E90E69B2454A
:1040400074EB09031BD300242964002C7FF44AAFCE
:10405000C6F30803002B92D0039C2046FEF770F8AD
:1040600008B3760A0123414646EAC95682196A64B2
:10407000607802F0E5FC041E18BF012432E72846F0
:10408000FEF7C6FAB6EB0A06014669F100090128F7
:1040900003D9431CD3D10124D6E70224D4E7082452
:1040A00020E704241EE702241CE704461EE7092437
:1040B0001EE711241CE700002DE9F04F994685B05A
:1040C0000023884603A90446C9F800301646FEF7C7
:1040D00091F8054680BB94F831506DBB94F83030B0
:1040E00013F00103009300F0A68004F1500AD4E914
:1040F0000432D4E90E011B1A62EB0102B34272F1E1
:10410000000238BF1E46BEB1D4E90E10C1F3080349
:10411000002B40F08280039B5A894B0A013A43EA04
:10412000C0531A401BD151EA000309D1A0680128ED
:104130000DD8022584F83150284605B0BDE8F08F2F
:10414000216C20460192FEF763FA019AEFE7431CC7
:1041500004D10123009D84F83130EDE72064DDF8BF
:104160000CB0216C5846FDF7EBFF0028E1D0B6F506
:10417000007F02EB000731D3BBF80A1002EB562098
:10418000730A88429BF8010088BF8B1A3A46414661
:10419000019302F055FC0028DBD194F93020019BFB
:1041A000002A0BDA606CC01B984207D24FF40072F1
:1041B000514608EB4020FDF7ADFD019B5F02D9F8A9
:1041C0000030F61BB8443B44C9F80030D4E90E3245
:1041D000DB1942F10002C4E90E3294E7626CBA4284
:1041E0001AD094F93030002B0DDA012351469BF898
:1041F000010002F049FC0028ABD194F8303003F004
:104200007F0384F83030039801233A4651464078C2
:1042100002F016FC00289CD16764A16B4046C1F3F4
:104220000801C1F500775144B74228BF37463A46E6
:10423000FDF770FDC3E707257EE7000070B596B077
:104240000E460022019002A901A8FEF795FC044643
:10425000E0B94FF48C6003F08FF80546D8B1029BAB
:1042600000F500720199D86002A81A61FFF7ECFB13
:10427000044640B99DF95330002B0ADB1EB131468C
:1042800002A8FDF7EDFF284603F086F8204616B099
:1042900070BD0624F7E71124F8E7000070B5B8B048
:1042A0000222019003A901A8FEF766FC044608BBA0
:1042B000039B4FF48C60109303F05EF805460028D2
:1042C00066D0039B00F500720199D86010A81A61AE
:1042D000FFF7BAFB044650B99DF88B30980655D4C9
:1042E000190653D49DF84630DA0706D50724284628
:1042F00003F052F8204638B070BD039B0493187841
:10430000042814D104A91869FFF780FB069E9DF8C4
:104310004630DB0610D410A8FEF776FF04460028CE
:10432000E5D156BB0398FEF7DBFB0446DFE71F9998
:10433000FFF782FB0646EAE7039BDA69B242D5D073
:1043400024930021269624A81B78042B01BFDDE9C5
:104350000823CDE928239DF817308DF89730FEF714
:10436000EFF904460028C2D124A8FFF741F804461B
:104370000028BBD00428BAD1CDE70246314604A8B4
:10438000FEF7C2FA04460028B1D1CBE70624AEE717
:104390001124AFE7F0B5BDB0CDE900106846FDF7D8
:1043A0000FFF022203A901A8FEF7E6FB044600283E
:1043B00041D1039B4FF48C60149302F0DDFF05465E
:1043C000002800F0EE80039B00F5007214AE019906
:1043D000D8601A613046FFF737FB044640BB9DF8B2
:1043E0009B3013F0A00F40F0D880039B009F1A78F9
:1043F000042A68D11B6904AC03F1400C1868083327
:1044000053F8041C2246634503C21446F6D15022D9
:10441000314628A8FDF77EFC394628A8FFF714FB93
:10442000044600284CD12A9A169B9A4206D00824AA
:10443000284602F0B1FF20463DB0F0BD349A209BE3
:104440009A42F4D128A8FFF733F904460028EFD1A7
:10445000039B04AF1B6993F801E093F823C09C8C85
:104460003A46083303CAB24243F8080C43F8041C26
:104470001746F5D1039B28A81B6983F801E0039B2D
:104480001A6982F823C01A6982F82440240A82F843
:1044900025401A691379D9065CBF43F020031371D4
:1044A000FEF776FF04460028C2D13046FEF7ACFE88
:1044B00004460028BCD10398FEF712FB0446B7E778
:1044C0000428B5D1BEE7239A04AB02F1200C106892
:1044D000083252F8041C1C46624503C42346F6D138
:1044E0005022314628A8FDF715FC394628A8FFF7C9
:1044F000ABFA044600284CD12A9A169B9A4296D1D0
:10450000349A209B9A4292D128A8FFF7D1F804460A
:1045100000288DD137990DF11D030DF12D0001F10A
:104520000D0253F8044B834242F8044BF9D118882A
:10453000012710809B7893709DF81B30039CDA064E
:1045400058BF43F02003CB72E770CB7ADB06ACD5C3
:10455000169A2A9B9A42A8D02078FFF76DFA014656
:104560002046FDF7EDFD0146C8B12046FDF798FF56
:10457000044600287FF45CAF039890F86D302E2B32
:1045800093D12A9A00F16C01FDF7E6FD039BDF70E1
:104590008BE704287FF44CAFB6E7062448E70224F3
:1045A00046E7112447E700007F2810B501D880B204
:1045B00010BDB0F5803F13D240F2523399420FD173
:1045C0000849002231F8024B93B2844203D103F12F
:1045D0008000C0B2ECE70132802AF3D11346F6E73F
:1045E0000020E5E7749700087F280DD940F2523388
:1045F000994208D1FF2806D800F10040034B8038CB
:1046000033F8100070470020704700BF749700080F
:10461000B0F5803FF0B522D21F4A83B21F49B0F5F2
:10462000805F28BF0A46141D34F8042C2146AAB125
:10463000934213D334F8025C2E0AEFB252FA85F596
:10464000A84222DA082E09D8DFE806F0050A10127F
:104650001416181A1C00801A34F810301846F0BDD1
:10466000981A00F001001B1A9BB2F7E7103BFBE71A
:10467000203BF9E7303BF7E71A3BF5E70833F3E770
:10468000503BF1E7A3F5E353EEE70434002ECBD122
:1046900001EB4702C7E700BFC4940008B8960008C2
:1046A00008B5074B074A196801F03D019960536846
:1046B0000BB190689847BDE8084003F0ABB800BF65
:1046C000000002404436002008B5084B19688909EB
:1046D00001F03D018A019A60054AD3680BB1106967
:1046E0009847BDE8084003F095B800BF00000240BD
:1046F0004436002008B5084B1968090C01F03D014B
:104700000A049A60054A53690BB190699847BDE85D
:10471000084003F07FB800BF00000240443600208C
:1047200008B5084B1968890D01F03D018A059A60AA
:10473000054AD3690BB1106A9847BDE8084003F0F9
:1047400069B800BF000002404436002008B5074B9E
:10475000074A596801F03D01D960536A0BB1906A6C
:104760009847BDE8084003F055B800BF000002407C
:104770004436002008B5084B5968890901F03D010D
:104780008A01DA60054AD36A0BB1106B9847BDE81D
:10479000084003F03FB800BF00000240443600204C
:1047A00008B5084B5968090C01F03D010A04DA60AC
:1047B000054A536B0BB1906B9847BDE8084003F076
:1047C00029B800BF000002404436002008B5084B5D
:1047D0005968890D01F03D018A05DA60054AD36BFD
:1047E0000BB1106C9847BDE8084003F013B800BF48
:1047F000000002404436002008B5074B074A1968FC
:1048000001F03D019960536C0BB1906C9847BDE885
:10481000084002F0FFBF00BF000402404436002001
:1048200008B5084B1968890901F03D018A019A60B1
:10483000054AD36C0BB1106D9847BDE8084002F0F3
:10484000E9BF00BF000402404436002008B5084B11
:104850001968090C01F03D010A049A60054A536D7C
:104860000BB1906D9847BDE8084002F0D3BF00BF80
:10487000000402404436002008B5084B1968890D31
:1048800001F03D018A059A60054AD36D0BB1106EA7
:104890009847BDE8084002F0BDBF00BF00040240D9
:1048A0004436002008B5074B074A596801F03D011E
:1048B000D960536E0BB1906E9847BDE8084002F086
:1048C000A9BF00BF000402404436002008B5084BD1
:1048D0005968890901F03D018A01DA60054AD36E01
:1048E0000BB1106F9847BDE8084002F093BF00BFBE
:1048F000000402404436002008B5084B5968090CF2
:1049000001F03D010A04DA60054A536F0BB1906F64
:104910009847BDE8084002F07DBF00BF0004024098
:104920004436002008B5084B5968890D01F03D0157
:104930008A05DA60054AD36F13B1D2F88000984730
:10494000BDE8084002F066BF000402404436002083
:1049500000230C4910B51A460B4C0B6054F8230089
:10496000026001EB430004334260402BF6D1074A5A
:104970004FF0FF339360D360C2F80834C2F80C34B0
:1049800010BD00BF443600207498000800000240AB
:104990000F28F8B510D9102810D0112811D01228DE
:1049A00008D10F240720DFF8C8E00126DEF8005008
:1049B000A04208D9002653E00446F4E70F24002063
:1049C000F1E70724FBE706FA00F73D424AD1264CFF
:1049D0004FEA001C3D4304EB00160EEBC000CEF87E
:1049E0000050C0E90123FBB273B12048D0F8D830A1
:1049F00043F00103C0F8D830D0F8003143F0010390
:104A0000C0F80031D0F8003117F47F4F0ED01748AE
:104A1000D0F8D83043F00203C0F8D830D0F80031D5
:104A200043F00203C0F80031D0F8003154F80C0014
:104A3000036823F01F030360056815F00105FBD12F
:104A400004EB0C033D2493F80CC05F6804FA0CF4EB
:104A50003C6021240560446112B1987B00F0CAFCDF
:104A60003046F8BD0130A3E77498000800440258AE
:104A70004436002010B5302484F31188FFF788FFF6
:104A8000002383F3118810BD10B50446807B00F02D
:104A9000C7FC01231549627B03FA02F20B6823EA83
:104AA0000203DAB20B6072B9114AD2F8D81021F0C1
:104AB0000101C2F8D810D2F8001121F00101C2F8AA
:104AC0000011D2F8002113F47F4F0ED1084BD3F818
:104AD000D82022F00202C3F8D820D3F8002122F017
:104AE0000202C3F80021D3F8003110BD4436002083
:104AF0000044025808B5302383F31188FFF7C4FF40
:104B0000002383F3118808BD836CC26A8B4250680E
:104B100010B506D95A1E4C0002EB4103B3FBF4F367
:104B2000184410BD01F001038A0748BF43F0020397
:104B30004A0748BF43F008030A0748BF43F004038D
:104B4000CA0648BF43F010038A06426B48BF43F0D1
:104B5000200313434363704710B5074C204600F011
:104B6000CBFF064B0022C4E91023054BA364054B81
:104B7000E363054BE36410BDC836002000240248FF
:104B800000B4C4041C3700201C390020C36A0BB9D0
:104B9000104BC3620379012B11D10F4B98420ED1F8
:104BA0000E4BD3F8DC2042F40072C3F8DC20D3F8BB
:104BB000042142F40072C3F80421D3F80431436C99
:104BC00000221A65DA621A605A605A624FF0FF32A8
:104BD0009A63704774990008C83600200044025850
:104BE0000379012B1BD0436C00221A65DA621A602C
:104BF0005A605A624FF0FF329A63094B98420ED1C5
:104C0000084BD3F8DC2022F40072C3F8DC20D3F880
:104C1000042122F40072C3F80421D3F80431704750
:104C2000C83600200044025810B5446C0649FFF70E
:104C30006BFF6060236842F2107043F0030323604F
:104C4000BDE8104001F05EBD801A06000129F8B5EC
:104C5000466C0B4F09D175680A493D40FFF754FF78
:104C6000054345F480557560F8BD746806493C40BD
:104C7000FFF74AFF044344F480547460F4E700BF34
:104C800000ECFFFF80F0FA0240787D01436C0022C7
:104C90005A601A6070470000426C0129536823F47F
:104CA000404304D0022905D001B95360704743F452
:104CB0008043FAE743F40043F7E70000436C41F414
:104CC00080519A60D9605A6B1206FCD580229A6393
:104CD0007047000010B541F48851446CA260E16057
:104CE000616B11F04502FBD0A26311F0040203D006
:104CF000FFF718FF012010BD616910461960FAE73F
:104D000010B541F48851446CA260E160616B11F010
:104D10004502FBD0A26311F0050203D0FFF702FFAA
:104D2000012010BD616910461960FAE773B513469A
:104D300004460E46302282F31188426CD26B32B1A7
:104D40004FF0FF314030019301F0E8FC019B606CB3
:104D500000220265C263C262456B15F4807504D1FE
:104D600085F31188012002B070BD4FF0FF318163DF
:104D700082F31188012E06D90C21204602B0BDE82D
:104D80007040FFF7BDBF1046EDE7000073B5446CFF
:104D90000E4600250192616BA1632565E562FFF770
:104DA000C1FE012E07D9019B2A460C2102B0BDE8A5
:104DB0007040FFF7A5BF02B070BD000010B541F410
:104DC0009851446CA260E160616B11F04502FBD028
:104DD000A26311F03F0203D0FFF7A4FE012010BD33
:104DE000216A10461960E1695960A1699960616999
:104DF000D960F4E72DE9F74304460191006D01A95C
:104E00001746984602F02EFC064600284AD0626CEF
:104E10002046DDF804905568C5F3090501356B009F
:104E2000A56CB5FBF3F54FF47A73B5FBF3F55D4371
:104E3000556200F027FE50BB636C4FF0FF32012536
:104E40004146C3F8589020461D659A634FF4957209
:104E5000DA6342F207029F62DA62E36C0A9AFFF7B2
:104E60004FFFA0B9E26C104B11680B407BB929468B
:104E70002046FFF75BFF054648B92E463A460199A2
:104E8000206D02F027FC304603B0BDE8F0833A46BF
:104E90000199206D02F01EFCE26C01212046FFF713
:104EA00075FFF0E70126EEE708E0FFFD2DE9F74387
:104EB0001F46436C01924FF47A725D68044688463F
:104EC000C5F3090501356E00856CB5FBF6F5B5FB3C
:104ED000F2F555435D6200F0D5FD20B1012528466D
:104EE00003B0BDE8F0837E0201A9206D324602F0D6
:104EF000B9FB05460028F1D0636C019AD4F84C90B8
:104F00009A6501221A654FF0FF329A634FF4957249
:104F1000DA639E62236BDB064B4658BF4FEA482894
:104F2000012F42461BD912212046FFF7E9FEC0B9E6
:104F3000D9F80020104B13409BB9636C42F29302E6
:104F400039462046DA62E26CFFF7F0FE804640B94F
:104F500032460199206D454602F0BCFBBFE71121A6
:104F6000E2E732460199206D02F0B4FBE26C39466B
:104F70002046FFF70BFFB2E708E0FFFD2DE9F34104
:104F80001F46436C01924FF47A725D68044688466E
:104F9000C5F3090501356E00856CB5FBF6F5B5FB6B
:104FA000F2F555435D6200F06DFD20B10125284604
:104FB00002B0BDE8F0817E0201A9206D324602F008
:104FC00097FB05460028F1D0636C019A9A6501228F
:104FD0001A654FF0FF329A634FF48D72DA639E6266
:104FE000236BE66CDB06334658BF4FEA4828012F97
:104FF000424619D919212046FFF782FEB0B932681E
:105000000F4B134093B9636C42F29102394620462C
:10501000DA62E26CFFF78AFE064638B90199354636
:10502000206D02F0A1FBC2E71821E4E70199206D91
:1050300002F09AFBE26C39462046FFF7A7FEB6E77E
:1050400008E0FFFD12F0030F2DE9F04107460C4682
:1050500015461E4617D00E44B44202D10020BDE8CA
:10506000F0810123FA6B21463846FFF71FFF002825
:10507000F5D128464FF40072F96B05F5007501343F
:10508000FCF748FEE8E7BDE8F041FFF70FBF00007E
:1050900012F0030F2DE9F04107460C4615461E4657
:1050A00017D00E44B44202D10020BDE8F081294659
:1050B0004FF40072F86B05F50075FCF72BFE012329
:1050C000FA6B21463846FFF759FF0028EDD101342D
:1050D000E8E7BDE8F041FFF751BF0000002070474E
:1050E000302310B583F311880024436C40302146EF
:1050F000DC6301F021FB84F3118810BD0268436872
:105100001143016003B1184770470000024A136859
:1051100043F0C0031360704700480040024A136820
:1051200043F0C0031360704700500040024A136808
:1051300043F0C0031360704700780040064BD3F87B
:10514000E8200243C3F8E820D3F810211043C3F845
:105150001001D3F8103170470044025837B5274C7E
:10516000274D204600F028FD04F114000094002390
:105170004FF40072234900F0C3F94FF40072224942
:1051800004F138000094214B00F03CFA204BC4E9B4
:105190001735204C204600F00FFD04F11400009458
:1051A00000234FF400721C4900F0AAF94FF400727A
:1051B0001A4904F138000094194B00F023FA194BF6
:1051C000C4E91735184C204600F0F6FC04F1140031
:1051D00000234FF400721549009400F091F9144B2C
:1051E0004FF40072134904F13800009400F00AFAF9
:1051F000114BC4E9173503B030BD00BF2039002082
:1052000000E1F505643A0020644000200D510008DB
:10521000004800408C390020643C0020644200209B
:105220001D51000800500040F8390020643E002065
:105230002D510008644400200078004038B5264D08
:105240000446037C002918BF0D46012B06D1234BD1
:10525000984230D14FF48020FFF770FF2A68236E08
:10526000E16D03EB5203A566B3FBF2F36A68100429
:1052700042BF23F0070003F0070343EA4003CB607B
:10528000AB6843F040034B60EB6843F001038B6075
:1052900042F4967343F001030B604FF0FF330B624F
:1052A000510505D512F0102211D0B2F1805F10D057
:1052B00084F8643038BD0A4B984205D0094B9842B7
:1052C000CCD14FF08040C7E74FF48010C4E77F2374
:1052D000EEE73F23ECE700BF7C990008203900206F
:1052E0008C390020F83900202DE9F047C66D0546BD
:1052F0003768F469210734621AD014F0080118BF26
:105300004FF48071E20748BF41F02001A3074FF03E
:10531000300348BF41F04001600748BF41F08001C1
:1053200083F31188281DFFF7E9FE002383F311881A
:10533000E2050AD5302383F311884FF48061281DDC
:10534000FFF7DCFE002383F311884FF030094FF0A4
:10535000000A14F0200838D13B0616D54FF030096A
:1053600005F1380A200610D589F31188504600F05F
:105370007DF9002836DA0821281DFFF7BFFE27F047
:1053800080033360002383F31188790614D5620605
:1053900012D5302383F31188D5E913239A4208D11B
:1053A0002B6C33B127F040071021281DFFF7A6FE14
:1053B0003760002383F31188E30618D5AA6E1369BA
:1053C000ABB15069BDE8F047184789F31188736A9B
:1053D000284695F86410194000F008FC8AF31188FB
:1053E000F469B6E7B06288F31188F469BAE7BDE8FA
:1053F000F0870000090100F16043012203F56143D9
:10540000C9B283F8001300F01F039A4043099B00C0
:1054100003F1604303F56143C3F880211A607047CC
:1054200000F01F0301229A40430900F160409B00F5
:1054300000F5614003F1604303F56143C3F8802048
:10544000C3F88021002380F800337047F8B5154673
:10545000826804460B46AA4200D28568A169266983
:10546000761AB5420BD218462A46FCF753FCA369BC
:105470002B44A3612846A3685B1BA360F8BD0CD92D
:10548000AF1B18463246FCF745FC3A46E16830440B
:10549000FCF740FCE3683B44EBE718462A46FCF780
:1054A00039FCE368E5E7000083689342F7B50446FA
:1054B000154600D28568D4E90460361AB5420BD28D
:1054C0002A46FCF727FC63692B4463612846A368DE
:1054D0005B1BA36003B0F0BD0DD93246AF1B019139
:1054E000FCF718FC01993A46E0683144FCF712FCDD
:1054F000E3683B44E9E72A46FCF70CFCE368E4E791
:1055000010B50A440024C361029B8460C16002613B
:105510000362C0E90000C0E9051110BD08B5D0E97B
:105520000532934201D1826882B982680132826079
:105530005A1C426119700021D0E904329A4224BFFA
:10554000C368436101F012F9002008BD4FF0FF303D
:10555000FBE7000070B5302304460E4683F3118844
:10556000A568A5B1A368A269013BA360531CA36110
:1055700015782269934224BFE368A361E3690BB104
:1055800020469847002383F31188284607E03146D8
:10559000204601F0DBF80028E2DA85F3118870BDBF
:1055A0002DE9F74F04460E4617469846D0F81C9052
:1055B0004FF0300A8AF311884FF0000B154665B1A1
:1055C0002A4631462046FFF741FF034660B941466F
:1055D000204601F0BBF80028F1D0002383F31188A6
:1055E000781B03B0BDE8F08FB9F1000F03D0019034
:1055F0002046C847019B8BF31188ED1A1E448AF39D
:105600001188DCE7C160C361009B82600362C0E96E
:1056100005111144C0E9000001617047F8B5044666
:105620000D461646302383F31188A768A7B1A368F7
:10563000013BA36063695A1C62611D70D4E90432A6
:105640009A4224BFE3686361E3690BB1204698473F
:10565000002080F3118807E03146204601F076F8FB
:105660000028E2DA87F31188F8BD0000D0E90523AD
:1056700010B59A4201D182687AB98268002101325C
:1056800082605A1C82611C7803699A4224BFC368F5
:10569000836101F06BF8204610BD4FF0FF30FBE74F
:1056A0002DE9F74F04460E4617469846D0F81C9051
:1056B0004FF0300A8AF311884FF0000B154665B1A0
:1056C0002A4631462046FFF7EFFE034660B94146C1
:1056D000204601F03BF80028F1D0002383F3118825
:1056E000781B03B0BDE8F08FB9F1000F03D0019033
:1056F0002046C847019B8BF31188ED1A1E448AF39C
:105700001188DCE70379052B05BF836A002001209F
:105710004B6004BF4FF400730B60704770B55D1EA3
:10572000866A04460D44B54205D9436B43F08003B5
:105730004363012070BD06250571FFF783FC052337
:105740002371F7E770B55D1E866A04460D44B542C5
:1057500005D9436B43F080034363012070BD0725E7
:105760000571FFF795FC05232371F7E738B5057937
:105770000446052D05D108230371FFF7AFFC257101
:1057800038BD0120FCE700000323F0B5037185B0AC
:105790000446FFF749FA002220461146FFF78EFA29
:1057A0004FF4D57203AB08212046FFF7A9FA024651
:1057B000B8B901232363039BC3F30323012B09D14E
:1057C00003AB37212046FFF79BFA18B9A44B039A85
:1057D0001340ABB120460125FFF758FA022323718D
:1057E00037E103AB002237212046FFF789FA28B9B9
:1057F0009B4A039B1A40002A00F0A78002232363E0
:10580000236B03F00F03022B40F0A9806425954E13
:1058100042F2107000F076FF03AB324601212046C1
:10582000FFF758FA0028D5D1039B002B80F2938014
:105830005A0003D5236B43F010032363002204F1C5
:10584000080302212046FFF7B9FA02460028C1D119
:1058500004F1380303212046FFF752FA0028B9D19A
:1058600004F11805A26B092120462B46FFF7A6FA82
:105870000028AFD102ABA26B07212046FFF740FA08
:1058800006460028A6D1236B03F00F03022B40F03D
:105890008F807E227F21284603F02AFA012840F2D9
:1058A0008780E76B42F2107000F02CFF08234FF462
:1058B0000072394620460096FFF79CFA002889D1ED
:1058C000384603F063FA236BA06203F00F03022B48
:1058D00072D103AB644A06212046FFF711FA002873
:1058E00071D15F49039B1940B1FA81F14909204602
:1058F000FFF7ACF902AB4FF4007210212046FFF71E
:10590000FFF9054600287FF465AF554E029B3342F0
:105910007FF460AF236B13F00E0F03F00F0273D010
:10592000022A7FF457AFE36A1978012900F09480C6
:10593000022900F09380002900F089804B4F204617
:10594000FFF7AAF903AB3A4676E0114620462263F8
:10595000FFF7B4F954E7013D7FF45AAF3AE7444DFD
:105960006426444A3E4F012B18BF154603AB002264
:1059700037212046FFF7C4F900287FF42BAF039BA3
:105980003B427FF427AF03AB2A4629212046FFF78D
:10599000A1F900287FF41EAF039B002BFFF648AF50
:1059A000013E3FF417AF42F2107000F0ABFEDDE7AE
:1059B000284603F0BFF986E77E227F212846E66B62
:1059C00003F096F908B9002191E7002340223146FF
:1059D000204600930623FFF70DFA0028F3D1B38980
:1059E0005BBA9B07EFD5244B4022314620460093FB
:1059F0000623FFF7FFF90028E5D1317C01F00F0104
:105A00000F3918BF012172E7E36A1978F9B101294A
:105A10007FF4E0AE2046FFF73FF903ABA26B3721DE
:105A20002046FFF76DF900287FF4D4AE039B334284
:105A30007FF4D0AE03AB022206212046FFF760F9C7
:105A400000287FF4C7AE039B33427FF4C3AE052327
:105A50002371284605B0F0BD084F70E7084F6EE788
:105A600008E0FFFD0080FFC00001B9030000B7039C
:105A70000080FF5000001080F1FFFF800001B7039D
:105A80000002B70337B504460C4D01ABA26B0D21E4
:105A90002046FFF735F978B9019B2B420BD1C3F3B0
:105AA0004323042B08D0053B022B04D84FF47A7013
:105AB00000F028FEE9E7012003B030BD08E0FFFD5B
:105AC00070B53023054683F3118803790024022B37
:105AD00003D184F31188204670BD0423037184F33D
:105AE00011880226FFF7CEFF04462846FFF7CEF8BE
:105AF0002E71F0E7FFF730B8044B03600123037108
:105B000000234363C0E90A33704700BF949900083B
:105B100010B53023044683F31188C162FFF736F8CD
:105B200002230020237180F3118810BD10B53023AB
:105B3000044683F31188FFF753F800230122E36240
:105B4000227183F3118810BD02684368114301601C
:105B500003B11847704700001430FFF721BD000063
:105B60004FF0FF331430FFF71BBD00003830FFF754
:105B700097BD00004FF0FF333830FFF791BD0000B4
:105B80001430FFF7E7BC00004FF0FF311430FFF78F
:105B9000E1BC00003830FFF741BD00004FF0FF329C
:105BA0003830FFF73BBD0000012914BF6FF0130030
:105BB00000207047FFF7D2BA044B03600023436014
:105BC000C0E9023301230374704700BFB89900088D
:105BD00010B53023044683F31188FFF72FFB02230F
:105BE0000020237480F3118810BD000038B5C3690C
:105BF00004460D461BB904210844FFF7A5FF2946BA
:105C000004F11400FFF78AFC002806DA201D4FF487
:105C10000061BDE83840FFF797BF38BD02684368B0
:105C20001143016003B118477047000013B5406B82
:105C300000F58054D4F8A4381A681178042914D1D6
:105C4000017C022911D11979012312898B40134259
:105C50000BD101A94C3002F079FFD4F8A4480246D8
:105C6000019B2179206800F0DFF902B010BD00002F
:105C7000143002F0FBBE00004FF0FF33143002F08E
:105C8000F5BE00004C3002F0CDBF00004FF0FF33F6
:105C90004C3002F0C7BF0000143002F0C9BE000053
:105CA0004FF0FF31143002F0C3BE00004C3002F060
:105CB00099BF00004FF0FF324C3002F093BF00005C
:105CC0000020704710B500F58054D4F8A4381A6845
:105CD0001178042917D1017C022914D159790123A3
:105CE00052898B4013420ED1143002F05BFE024603
:105CF00048B1D4F8A4484FF4407361792068BDE8F6
:105D0000104000F07FB910BD406BFFF7DBBF000013
:105D1000704700007FB5124B01250426044603603E
:105D20000023057400F1840243602946C0E9023370
:105D30000C4B0290143001934FF44073009602F024
:105D40000DFE094B04F69442294604F14C000294DE
:105D5000CDE900634FF4407302F0D4FE04B070BD8F
:105D6000E0990008095D00082D5C00080A683023EE
:105D700083F311880B790B3342F823004B791333EB
:105D800042F823008B7913B10B3342F8230000F55E
:105D90008053C3F8A41802230374002080F31188F1
:105DA0007047000038B5037F044613B190F85430B3
:105DB000ABB90125201D0221FFF730FF04F11400CB
:105DC0006FF00101257700F0DDFC04F14C0084F850
:105DD00054506FF00101BDE8384000F0D3BC38BD2D
:105DE00010B5012104460430FFF718FF0023237784
:105DF00084F8543010BD000038B504460025143036
:105E000002F0C4FD04F14C00257702F093FE201D42
:105E100084F854500121FFF701FF2046BDE83840C7
:105E2000FFF750BF90F8803003F06003202B06D1BD
:105E300090F881200023212A03D81F2A06D80020A9
:105E40007047222AFBD1C0E91D3303E0034A4267B1
:105E500007228267C3670120704700BF44220020E9
:105E600037B500F58055D5F8A4381A68117804299B
:105E70001AD1017C022917D11979012312898B408B
:105E8000134211D100F14C04204602F013FF58B127
:105E900001A9204602F05AFED5F8A4480246019B0B
:105EA0002179206800F0C0F803B030BD01F10B0388
:105EB000F0B550F8236085B004460D46FEB130239E
:105EC00083F3118804EB8507301D0821FFF7A6FE38
:105ED000FB6806F14C005B691B681BB1019002F086
:105EE00043FE019803A902F031FE024648B1039B2C
:105EF0002946204600F098F8002383F3118805B066
:105F0000F0BDFB685A691268002AF5D01B8A013B74
:105F10001340F1D104F18002EAE70000133138B5F3
:105F200050F82140ECB1302383F3118804F58053FD
:105F3000D3F8A4281368527903EB8203DB689B69CA
:105F40005D6845B104216018FFF768FE294604F139
:105F5000140002F031FD2046FFF7B4FE002383F366
:105F6000118838BD7047000001F052BD0123402266
:105F7000002110B5044600F8303BFBF7F1FE00238A
:105F8000C4E9013310BD000010B53023044683F38B
:105F900011882422416000210C30FBF7E1FE2046ED
:105FA00001F058FD02230020237080F3118810BDFA
:105FB00070B500EB8103054650690E461446DA6061
:105FC00018B110220021FBF7CBFEA06918B11022F6
:105FD0000021FBF7C5FE31462846BDE8704001F0C0
:105FE0003FBE000083682022002103F0011310B59A
:105FF000044683601030FBF7B3FE2046BDE8104036
:1060000001F0BABEF0B4012500EB810447898D4050
:10601000E4683D43A469458123600023A260636076
:10602000F0BC01F0D7BE0000F0B4012500EB810404
:1060300007898D40E4683D4364690581236000233E
:10604000A2606360F0BC01F04DBF000070B5022398
:1060500000250446242203702946C0F888500C30DD
:1060600040F8045CFBF77CFE204684F8705001F099
:106070008BFD63681B6823B129462046BDE870404C
:10608000184770BD0378052B10B504460AD080F878
:106090008C300523037043681B680BB104219847BB
:1060A0000023A36010BD00000178052906D190F8F7
:1060B0008C20436802701B6803B1184770470000CA
:1060C00070B590F87030044613B1002380F870303A
:1060D00004F18002204601F073FE63689B68B3B947
:1060E00094F8803013F0600535D00021204602F08E
:1060F00065F90021204602F055F963681B6813B169
:10610000062120469847062384F8703070BD20464B
:1061100098470028E4D0B4F88630A26F9A4288BF2E
:10612000A36794F98030A56F002B4FF0300380F205
:106130000381002D00F0F280092284F8702083F39F
:10614000118800212046D4E91D23FFF76DFF0023AD
:1061500083F31188DAE794F8812003F07F0343EAA0
:10616000022340F20232934200F0C58021D8B3F5F9
:10617000807F48D00DD8012B3FD0022B00F09380B8
:10618000002BB2D104F1880262670222A267E367A2
:10619000C1E7B3F5817F00F09B80B3F5407FA4D1C8
:1061A00094F88230012BA0D1B4F8883043F0020378
:1061B00032E0B3F5006F4DD017D8B3F5A06F31D0F2
:1061C000A3F5C063012B90D86368204694F8822021
:1061D0005E6894F88310B4F88430B047002884D007
:1061E000436863670368A3671AE0B3F5106F36D09E
:1061F00040F6024293427FF478AF5C4B6367022320
:10620000A3670023C3E794F88230012B7FF46DAFBE
:10621000B4F8883023F00203A4F88830C4E91D558F
:10622000E56778E7B4F88030B3F5A06F0ED194F845
:106230008230204684F88A3001F004FD63681B68D0
:1062400013B1012120469847032323700023C4E99A
:106250001D339CE704F18B0363670123C3E72378B5
:10626000042B10D1302383F311882046FFF7BAFEA8
:1062700085F311880321636884F88B5021701B68B3
:106280000BB12046984794F88230002BDED084F87A
:106290008B300423237063681B68002BD6D0022147
:1062A00020469847D2E794F8843020461D0603F034
:1062B0000F010AD501F076FD012804D002287FF4F1
:1062C00014AF2B4B9AE72B4B98E701F05DFDF3E7FA
:1062D00094F88230002B7FF408AF94F8843013F0E8
:1062E0000F01B3D01A06204602D502F07FF8ADE7C1
:1062F00002F070F8AAE794F88230002B7FF4F5AE34
:1063000094F8843013F00F01A0D01B06204602D56C
:1063100002F054F89AE702F045F897E7142284F85F
:10632000702083F311882B462A4629462046FFF722
:1063300069FE85F31188E9E65DB1152284F87020C5
:1063400083F3118800212046D4E91D23FFF75AFE6C
:10635000FDE60B2284F8702083F311882B462A4631
:1063600029462046FFF760FEE3E700BF109A0008C9
:10637000089A00080C9A000838B590F87030044666
:10638000002B3ED0063BDAB20F2A34D80F2B32D87E
:10639000DFE803F037313108223231313131313128
:1063A00031313737856FB0F886309D4214D2C368DB
:1063B0001B8AB5FBF3F203FB12556DB9302383F34F
:1063C00011882B462A462946FFF72EFE85F31188B1
:1063D0000A2384F870300EE0142384F870303023E0
:1063E00083F31188002320461A461946FFF70AFE58
:1063F000002383F3118838BDC36F03B1984700238E
:10640000E7E70021204601F0D9FF0021204601F0F6
:10641000C9FF63681B6813B106212046984706230D
:10642000D7E7000010B590F870300446142B29D03F
:1064300017D8062B05D001D81BB110BD093B022B84
:10644000FBD80021204601F0B9FF0021204601F0D1
:10645000A9FF63681B6813B10621204698470623ED
:1064600019E0152BE9D10B2380F87030302383F32A
:10647000118800231A461946FFF7D6FD002383F33F
:106480001188DAE7C3689B695B68002BD5D1C36FBD
:1064900003B19847002384F87030CEE70023826868
:1064A00080F8243083691B6899689142FBD25A684E
:1064B00003604260106058607047000000238268EB
:1064C00080F8243083691B6899689142FBD85A6828
:1064D00003604260106058607047000008B50846CD
:1064E000302383F3118891F82430032B05D0042B3B
:1064F0000DD02BB983F3118808BD8B6A00221A6076
:106500004FF0FF338362FFF7C9FF0023F2E7D1E9C1
:10651000003213605A60F3E7034610B51B689842D7
:1065200003D09C688A689442F8D25A680B604A602B
:106530001160596010BD0000FFF7B0BF064BD9686D
:1065400081F824001868026853601A600122D8603C
:1065500080F82420F9F756BF684600200C4B30B570
:10656000DD684B1C87B004460FD02B46094A6846AD
:1065700000F09CF92046FFF7E1FF009B13B168464D
:1065800000F09EF9A86A07B030BDFFF7D7FFF9E722
:1065900068460020DD640008044B1A68DB689068D8
:1065A0009B68984294BF00200120704768460020F5
:1065B000094B10B51C68D868226853601A60012224
:1065C000DC6084F82420FFF779FF01462046BDE80F
:1065D0001040F9F717BF00BF68460020044B1A6847
:1065E000DB6892689B689A4201D9FFF7E1BF704768
:1065F0006846002038B50123084C002523706560EB
:1066000002F0F2FB02F018FC0549064802F0EEFC2D
:106610000223237085F3118838BD00BF1049002084
:10662000189A00086846002000F080B9034A5168B3
:1066300053685B1A9842FBD8704700BF001000E017
:106640008B604B630023CA6100F128020B630223B5
:106650000A618B840123886181F8263001F11003DF
:10666000C26A4A611360C36201F12C030846CB621F
:1066700070470000D0E90131026841F8183CA1F1EF
:106680009C033839CB60036941F8243C436941F8E5
:10669000203C034B41F8043CC3680248FFF7D0BFDD
:1066A0001D0400086846002008B5FFF7E3FFBDE8B9
:1066B0000840FFF741BF000038B50E4BDC6804F11D
:1066C0002C05A062E06AA8420FD194F826303BB9AD
:1066D00094F825309B0702BFD4E9043213605A6056
:1066E0000F20BDE83840FFF729BF0368E362FFF7DA
:1066F00023FFE7E768460020302383F31188FFF784
:10670000DBBF000008B50146302383F31188082061
:10671000FFF724FF002383F3118808BD054BDB68D6
:1067200021B1036098620320FFF718BF4FF0FF30DC
:10673000704700BF6846002003682BB1002202604A
:1067400018469962FFF7F8BE70470000064BDB68F9
:1067500039B1426818605A60136043600420FFF743
:10676000FDBE4FF0FF307047684600200368984236
:1067700006D01A680260506018469962FFF7DCBEC6
:106780007047000038B504460D462068844200D1A9
:1067900038BD036823605C608562FFF7CDFEF4E7D7
:1067A000036810B59C68A2420CD85C688A600B60D4
:1067B0004C602160596099688A1A9A604FF0FF33E3
:1067C000836010BD121B1B68ECE700000A2938BF6C
:1067D0000A2170B504460D460A26601902F0FEFA39
:1067E00002F0E6FA041BA54203D8751C04462E46A7
:1067F000F3E70A2E04D90120BDE8704002F0BEBCC8
:1068000070BD0000F8B5144B0D460A2A4FF00A0778
:10681000D96103F11001826038BF0A224160196911
:106820001446016048601861A81802F0C7FA02F027
:10683000BFFA431B0646A34206D37C1C28192746F1
:10684000354602F0CBFAF2E70A2F04D90120BDE861
:10685000F84002F093BCF8BD68460020F8B5064643
:106860000D4602F0A5FA0F4A134653F8107F9F42D7
:1068700006D12A4601463046BDE8F840FFF7C2BFC0
:10688000D169BB68441A2C1928BF2C46A34202D9EF
:106890002946FFF79BFF224631460348BDE8F840F2
:1068A000FFF77EBF6846002078460020C0E903233A
:1068B000002310B45DF8044B4361FFF7CFBF000025
:1068C00010B5194C236998420DD08168D0E9003287
:1068D00013605A609A680A449A60002303604FF07C
:1068E000FF33A36110BD0268234643F8102F5360A5
:1068F0000022026022699A4203D1BDE8104002F0F2
:1069000067BA936881680B44936002F051FA226978
:10691000E1699268441AA242E4D91144BDE81040EA
:10692000091AFFF753BF00BF684600202DE9F04762
:10693000DFF8BC8008F110072C4ED8F8105002F098
:1069400037FAD8F81C40AA68031B9A423ED8144470
:106950004FF00009D5E90032C8F81C4013605A60B6
:10696000C5F80090D8F81030B34201D102F030FAE7
:1069700089F31188D5E9033128469847302383F3FA
:1069800011886B69002BD8D002F012FA6A69A0EB6B
:10699000040982464A450DD2022002F0EFFB002294
:1069A000D8F81030B34208D151462846BDE8F04728
:1069B000FFF728BF121A2244F2E712EB0909294611
:1069C000384638BF4A46FFF7EBFEB5E7D8F8103037
:1069D000B34208D01444C8F81C00211AA960BDE8CD
:1069E000F047FFF7F3BEBDE8F08700BF7846002010
:1069F0006846002038B502F0DBF9054AD2E90845BF
:106A0000031B181945F10001C2E9080138BD00BF98
:106A10006846002010B560B9074804790368053C52
:106A20009B6818BF0124984708B144F0040420462D
:106A300010BD0124FBE700BFC8360020FFF7EABF06
:106A40002DE9F047884617469A460446B0B90D4EE0
:106A50003579052D05D003240DE0013D15F0FF0526
:106A60000ED03268534639463046D2F8149042462A
:106A7000C8470028F1D12046BDE8F0870424FAE792
:106A80000124F8E7C83600202DE9F047884617466C
:106A90009A460446B0B90D4E3579052D05D003242C
:106AA0000DE0013D15F0FF050ED032685346394622
:106AB0003046D2F818904246C8470028F1D1204607
:106AC000BDE8F0870424FAE70124F8E7C83600207F
:106AD00037B50C46154670B951B101290BD107489D
:106AE000694603681B6A984710B9019B04462B60EE
:106AF000204603B030BD0424FAE700BFC8360020AA
:106B000000207047FEE70000704700004FF0FF30A4
:106B1000704700004B6843608B688360CB68C3603C
:106B20000B6943614B6903628B6943620B680360C5
:106B30007047000008B53C4B40F2FF713B48D3F86A
:106B400088200A43C3F88820D3F8882022F4FF6203
:106B500022F00702C3F88820D3F88820D3F8E02079
:106B60000A43C3F8E020D3F808210A43C3F80821F8
:106B70002F4AD3F808311146FFF7CCFF00F58060AB
:106B800002F11C01FFF7C6FF00F5806002F1380139
:106B9000FFF7C0FF00F5806002F15401FFF7BAFF74
:106BA00000F5806002F17001FFF7B4FF00F580602E
:106BB00002F18C01FFF7AEFF00F5806002F1A80141
:106BC000FFF7A8FF00F5806002F1C401FFF7A2FF04
:106BD00000F5806002F1E001FFF79CFF00F58060A6
:106BE00002F1FC01FFF796FF02F58C7100F5806061
:106BF000FFF790FF01F092FC0E4BD3F8902242F089
:106C00000102C3F89022D3F8942242F00102C3F8A3
:106C100094220522C3F898204FF06052C3F89C20BC
:106C2000054AC3F8A02008BD0044025800000258DD
:106C30002C9A000800ED00E01F00080308B501F0E1
:106C400079FEFFF7D7FC104BD3F8DC2042F040026E
:106C5000C3F8DC20D3F8042122F04002C3F8042159
:106C6000D3F80431094B1A6842F008021A601A6816
:106C700042F004021A6000F07FFD00F041FBBDE825
:106C8000084000F0B5B800BF0044025800180248A0
:106C900001207047002070477047000002290CD087
:106CA000032904D00129074818BF00207047032A90
:106CB00005D8054800EBC200704704487047002023
:106CC000704700BF289C000854220020DC9B00086D
:106CD00070B59AB005460846144601A900F0C2F8FE
:106CE00001A8FBF735F8431C0022C6B25B00104632
:106CF000C5E9003423700323023404F8013C01ABDE
:106D0000D1B202348E4201D81AB070BD13F8011B03
:106D1000013204F8010C04F8021CF1E708B5302335
:106D200083F311880348FFF79BF8002383F311884E
:106D300008BD00BF1849002090F8803003F01F0202
:106D4000012A07D190F881200B2A03D10023C0E942
:106D50001D3315E003F06003202B08D1B0F8843018
:106D60002BB990F88120212A03D81F2A04D8FFF7D5
:106D700059B8222AEBD0FAE7034A42670722826712
:106D8000C3670120704700BF4B22002007B50529CB
:106D900017D8DFE801F0191603191920302383F3FF
:106DA0001188104A01210190FFF702F90198022190
:106DB0000D4AFFF7FDF80D48FFF71EF8002383F397
:106DC000118803B05DF804FB302383F31188074872
:106DD000FEF7E8FFF2E7302383F311880348FEF75C
:106DE000FFFFEBE77C9B0008A09B000818490020F0
:106DF00038B50C4D0C4C2A460C4904F10800FFF73D
:106E000067FF05F1CA0204F110000949FFF760FFAE
:106E100005F5CA7204F118000649BDE83840FFF7CD
:106E200057BF00BFF061002054220020609B000883
:106E3000689B0008739B000870B5044608460D4621
:106E4000FAF786FFC6B22046013403780BB918461C
:106E500070BD32462946FAF767FF0028F3D10120BA
:106E6000F6E700002DE9F84F05460C46FAF770FFEB
:106E70002C49C6B22846FFF7DFFF08B10236F6B24A
:106E800029492846FFF7D8FF08B11036F6B2632E1D
:106E90000DD8DFF89080DFF89090244FDFF894A0B1
:106EA000DFF894B02E7846B92670BDE8F88F2946F1
:106EB0002046BDE8F84F02F00BBA252E2ED107224E
:106EC00041462846FAF730FF70B9DBF80030073545
:106ED000093444F8093CDBF8043044F8053C9BF8DD
:106EE000083004F8013CDDE7082249462846FAF755
:106EF0001BFF98B9A21C0E4B197802320909C95D13
:106F000002F8041C13F8011B01F00F015345C95D81
:106F100002F8031CF0D118340835C3E7013504F832
:106F2000016BBFE7489C0008739B00085A9C00084F
:106F300000E8F11F0CE8F11F509C0008BFF34F8FD1
:106F4000044B1A695107FCD1D3F810215207F8D12C
:106F5000704700BF0020005208B50D4B1B78ABB93D
:106F6000FFF7ECFF0B4BDA68D10704D50A4A5A60E9
:106F700002F188325A60D3F80C21D20706D5064AAE
:106F8000C3F8042102F18832C3F8042108BD00BF10
:106F90004E640020002000522301674508B5114BC4
:106FA0001B78F3B9104B1A69510703D5DA6842F020
:106FB0004002DA60D3F81021520705D5D3F80C212E
:106FC00042F04002C3F80C21FFF7B8FF064BDA6825
:106FD00042F00102DA60D3F80C2142F00102C3F85A
:106FE0000C2108BD4E640020002000520F289ABFDB
:106FF00000F5806040040020704700004FF400302E
:1070000070470000102070470F2808B50BD8FFF715
:10701000EDFF00F500330268013204D104308342F1
:10702000F9D1012008BD0020FCE700000F2838B589
:1070300005463FD8FFF782FF1F4CFFF78DFF4FF04B
:10704000FF3307286361C4F814311DD82361FFF7AB
:1070500075FF030243F02403E360E36843F0800319
:10706000E36023695A07FCD42846FFF767FFFFF760
:10707000BDFF4FF4003100F0B9FA2846FFF78EFF4C
:10708000BDE83840FFF7C0BFC4F81031FFF756FF26
:10709000A0F108031B0243F02403C4F80C31D4F818
:1070A0000C3143F08003C4F80C31D4F810315B0785
:1070B000FBD4D9E7002038BD002000522DE9F84F5D
:1070C00004460D46104644EA0203DE0602D00020C4
:1070D000BDE8F88F20F01F00DFF8D4B0DFF8D4A0AF
:1070E000FFF73AFF05EB0008454503D10120FFF704
:1070F00055FFEDE720222946204602F0B1F810B9ED
:1071000020342035F0E7234604F120021F68791C63
:10711000DDD104339342F9D104F178432048214E64
:10712000B3F5801F204B38BF184603F1F80332BF78
:10713000D946D1461E46FFF701FF0760A4EB050CB8
:10714000336805F11C0143F0020333602B1FD9F8AB
:10715000007017F00507FAD153F8042F8B424CF852
:107160000320F4D1BFF34F8FFFF7E8FE4FF0FF335A
:107170000360336823F002033360BFF34F8F0B4B80
:10718000C3F85C42BFF34F8FBFF36F8F20222946B5
:10719000204602F065F80028B2D03846A7E700BFC5
:1071A000142100520C2000521420005200ED00E087
:1071B000102000521021005210B5084C237828B13D
:1071C0001BB9FFF7C9FE0123237010BD002BFCD0B3
:1071D0002070BDE81040FFF7E1BE00BF4E64002004
:1071E0002DE9F04F0D4685B0814658B111F00D06DE
:1071F00014BF2022082211F00803019304D0431E7B
:10720000034269D0002435E0002E37D009F11F0178
:1072100021F01F094FF00108314F05F00403DFF89A
:10722000CCA005EA080BBBF1000F32D07869C0078B
:107230002FD408F101080C37B8F1060FF3D19EB92D
:10724000284D4946A819019201F018FE044600286D
:1072500039D12036019AA02EF3D1494601F00EFE15
:10726000044600282FD1019A49461F4801F006FE26
:10727000044660BB204605B0BDE8F08F0029C9D1A7
:1072800001462846029201F0F9FD0446D8B9029A57
:10729000C0E713B178694107CBD5AC0702D578694F
:1072A0008007C6D5019911B178690107C1D5494652
:1072B0000AEB4810CDE9022301F0E0FD0446DDE9C8
:1072C00002230028B5D04A460021204601E04A4664
:1072D0000021FAF745FDCDE70246002E96D199E749
:1072E0006C9C0008906400205064002070640020B2
:1072F0000021FFF775BF00000121FFF771BF0000FB
:1073000070B5144D0124144E40F2FF3200210120CB
:10731000FAF726FD06EB441001342A6955F80C1FD4
:1073200001F098FD062CF5D137254FF4C0542046C6
:10733000FFF7E2FF014628B122460848BDE8704049
:1073400001F088BDC4EBC404013D4FEAD404EED182
:1073500070BD00BF6C9C0008706400205064002069
:107360000421FFF73DBF00004843FFF7C1BF000005
:1073700008B101F0F5BD7047B0F5805F10B5044667
:1073800007D8FFF7EDFF28B92046BDE81040FFF70A
:10739000AFBF002010BD0000FFF7EABF70B5AAB173
:1073A00040EA010313F01F030FD1094C0144A56803
:1073B0006D0706D52568A84203D366683544A942FF
:1073C00004D903330C34122BF1D10022104670BDC6
:1073D0006C9C000808B501F0D9FE034AD2E90032DE
:1073E000C01842EB010108BD30650020434BD3E9D2
:1073F00000232DE9F34113437CD0FFF7EBFF404A14
:1074000000230027F9F718F806460D463D4A0023E9
:10741000F9F712F80023144630462946394AF9F79D
:107420000BF84FF461613C23ADF80170B4FBF1F54A
:10743000B4FBF3F601FB154103FB16464624B1FBF2
:10744000F3F1314BF6B28DF8004098423CD84FF042
:10745000640C4FF4C87EA30704F26C7225D1B2FB12
:10746000FCF30CFB132313BBB2FBFEF30EFB132246
:10747000B2FA82F35B0903F26D18621C8045D2B246
:1074800017D90FB18DF800400022204C4FF00C0CA2
:1074900017460CFB0343D4B2013213F804C08445F1
:1074A0000CD8A0EB0C000127F5E70023E3E701234C
:1074B000E1E7A0EB080014460127CCE70FB18DF8F7
:1074C0000140431C8DF802309DF80100431C9DF8DB
:1074D00000005038400640EA43509DF8023040EA30
:1074E000034040EA560040EAC52040EA411002B09D
:1074F000BDE8F0814FF40410F9E700BF30650020CB
:1075000040420F008051010090230B00B49C000802
:107510000244074BD2B210B5904200D110BD441CBA
:1075200000B253F8200041F8040BE0B2F4E700BFCA
:10753000504000580E4B30B51C6F240405D41C6F0E
:107540001C671C6F44F400441C670A4C0244236807
:10755000D2B243F480732360074B904200D130BD18
:10756000441C51F8045B00B243F82050E0B2F4E749
:1075700000440258004802585040005807B5012204
:1075800001A90020FFF7C4FF019803B05DF804FBD8
:1075900013B50446FFF7F2FFA04205D0012201A96E
:1075A00000200194FFF7C6FF02B010BD10B564249F
:1075B000013C4FF47A70FFF7A5F814F0FF04F7D1FF
:1075C000094B4FF4802214249A61A3F500634FF015
:1075D00080629A61013C4FF47A70FFF793F814F0DF
:1075E000FF04F7D110BD00BF001002580144BFF3E3
:1075F0004F8F064B884204D3BFF34F8FBFF36F8F7B
:107600007047C3F85C022030F4E700BF00ED00E0F3
:107610000144BFF34F8F064B884204D3BFF34F8F13
:10762000BFF36F8F7047C3F870022030F4E700BFDC
:1076300000ED00E070B5054616460C46012010210D
:10764000FFF792FE286046733CB1204636B1FFF743
:1076500087FE2B68186000B19C6070BDFFF74CFE80
:10766000F7E70000F8B50F461546044648B905F19E
:107670001F010126386821F01F01FFF7B7FF3046D0
:10768000F8BD427B29463868FFF788FE0646002889
:10769000EDD13B686360A368AB4210D213B12068A0
:1076A000FFF766FE637B28462BB1FFF759FE20608B
:1076B00020B9A060E3E7FFF71FFEF8E7A5602068A8
:1076C00005F11F01012621F01F013860FFF78EFF31
:1076D0002673D4E710B5044640B10068884205D14E
:1076E000606808B1FAF716FB0023237310BD000091
:1076F000F8B50F461446054648B904F11F010126A6
:10770000386821F01F01FFF783FF3046F8BD427B48
:1077100021463868FFF742FE06460028EDD1AB68E7
:10772000A34210D213B12868FFF722FE6B7B2046DC
:107730002BB1FFF715FE286020B9A860E5E7FFF739
:10774000DBFDF8E7AC60396819B122462868FAF722
:10775000E1FA286804F11F01012621F01F013860B9
:10776000FFF756FF2E73D0E720B103688B4204BFAA
:107770000023037370470000034B1A681AB9034AC9
:10778000D2F8D0241A6070473865002000400258B3
:1077900008B5FFF7F1FF024B1868C0F3806008BD21
:1077A00038650020EFF30983054968334A6B22F0FE
:1077B00001024A6383F30988002383F31188704729
:1077C00000EF00E0302080F3118862B60D4B0E4AC6
:1077D000D96821F4E0610904090C0A430B49DA6015
:1077E000D3F8FC2042F08072C3F8FC20084AC2F8AB
:1077F000B01F116841F0010111602022DA7783F88F
:107800002200704700ED00E00003FA0555CEACC53C
:10781000001000E0302310B583F311880E4B5B6835
:1078200013F4006314D0F1EE103AEFF309844FF033
:107830008073683CE361094BDB6B236684F3098842
:10784000FEF7AAFE10B1064BA36110BD054BFBE786
:1078500083F31188F9E700BF00ED00E000EF00E0DE
:107860002F0400083204000870B5BFF34F8FBFF338
:107870006F8F1A4A0021C2F85012BFF34F8FBFF327
:107880006F8F536943F400335361BFF34F8FBFF3DE
:107890006F8FC2F88410BFF34F8FD2F8803043F659
:1078A000E074C3F3C900C3F34E335B0103EA04067B
:1078B000014646EA81750139C2F86052F9D2203B8F
:1078C00013F1200FF2D1BFF34F8F536943F480338C
:1078D0005361BFF34F8FBFF36F8F70BD00ED00E0BA
:1078E000FEE70000214B2248224A70B5904237D370
:1078F000214BC11EDA1C121A22F003028B4238BF40
:1079000000220021FAF72CFA1C4A0023C2F8843026
:10791000BFF34F8FD2F8803043F6E074C3F3C90051
:10792000C3F34E335B0103EA0406014646EA817560
:107930000139C2F86C52F9D2203B13F1200FF2D179
:10794000BFF34F8FBFF36F8FBFF34F8FBFF36F8FB7
:107950000023C2F85032BFF34F8FBFF36F8F70BD5B
:1079600053F8041B40F8041BC0E700BFBC9D00088F
:1079700034670020346700203467002000ED00E009
:10798000074BD3F8D81021EA0001C3F8D810D3F878
:10799000002122EA0002C3F80021D3F80031704729
:1079A0000044025870B5D0E9244300224FF0FF355F
:1079B0009E6804EB42135101D3F80009002805DA50
:1079C000D3F8000940F08040C3F80009D3F8000B59
:1079D000002805DAD3F8000B40F08040C3F8000B14
:1079E000013263189642C3F80859C3F8085BE0D225
:1079F0004FF00113C4F81C3870BD0000890141F03C
:107A00002001016103699B06FCD41220FEF70EBE23
:107A100010B50A4C2046FEF7A9FA094BC4F890307D
:107A2000084BC4F89430084C2046FEF79FFA074BE9
:107A3000C4F89030064BC4F8943010BD3C6500206B
:107A400000000840F09C0008D865002000000440B9
:107A5000FC9C000870B503780546012B5CD1434BB4
:107A6000D0F89040984258D1414B0E216520D3F870
:107A7000D82042F00062C3F8D820D3F8002142F0A9
:107A80000062C3F80021D3F80021D3F8802042F02F
:107A90000062C3F88020D3F8802022F00062C3F88F
:107AA0008020D3F88030FDF7A5FC324BE360324BE9
:107AB000C4F800380023D5F89060C4F8003EC02315
:107AC00023604FF40413A3633369002BFCDA012312
:107AD0000C203361FEF7AAFD3369DB07FCD41220CA
:107AE000FEF7A4FD3369002BFCDA00262846A660C9
:107AF000FFF758FF6B68C4F81068DB68C4F81468B7
:107B0000C4F81C6883BB1D4BA3614FF0FF33636156
:107B1000A36843F00103A36070BD194B9842C9D11B
:107B2000134B4FF08060D3F8D82042F00072C3F8B6
:107B3000D820D3F8002142F00072C3F80021D3F816
:107B40000021D3F8802042F00072C3F88020D3F8DF
:107B5000802022F00072C3F88020D3F88030FFF735
:107B60000FFF0E214D209EE7064BCDE73C65002020
:107B7000004402584014004003002002003C30C082
:107B8000D8650020083C30C0F8B5D0F890400546D4
:107B900000214FF000662046FFF730FFD5F8941023
:107BA00000234FF001128F684FF0FF30C4F83438D3
:107BB000C4F81C2804EB431201339F42C2F8006949
:107BC000C2F8006BC2F80809C2F8080BF2D20B68C1
:107BD000D5F89020C5F898306362102313611669B8
:107BE00016F01006FBD11220FEF720FDD4F8003865
:107BF00023F4FE63C4F80038A36943F4402343F040
:107C00001003A3610923C4F81038C4F814380B4BCF
:107C1000EB604FF0C043C4F8103B094BC4F8003B85
:107C2000C4F81069C4F80039D5F8983003F110028F
:107C300043F48013C5F89820A362F8BDCC9C0008DB
:107C400040800010D0F8902090F88A10D2F80038C8
:107C500023F4FE6343EA0113C2F8003870470000C2
:107C60002DE9F84300EB8103D0F890500C46804694
:107C7000DA680FFA81F94801166806F00306731EE8
:107C8000022B05EB41134FF0000194BFB604384EB0
:107C9000C3F8101B4FF0010104F1100398BF06F167
:107CA000805601FA03F3916998BF06F50046002952
:107CB0003AD0578A04F15801374349016F50D5F83B
:107CC0001C180B430021C5F81C382B180127C3F8DA
:107CD0001019A7405369611E9BB3138A928B9B08AE
:107CE000012A88BF5343D8F89820981842EA0343E2
:107CF00001F140022146C8F89800284605EB8202AF
:107D00005360FFF77BFE08EB8900C3681B8A43EAD8
:107D1000845348341E4364012E51D5F81C381F4348
:107D2000C5F81C78BDE8F88305EB4917D7F8001BA8
:107D300021F40041C7F8001BD5F81C1821EA030301
:107D4000C0E704F13F030B4A2846214605EB8303B5
:107D50005A60FFF753FE05EB4910D0F8003923F4C1
:107D60000043C0F80039D5F81C3823EA0707D7E7E5
:107D70000080001000040002D0F894201268C0F8BF
:107D80009820FFF70FBE00005831D0F8903049011D
:107D90005B5813F4004004D013F4001F0CBF022002
:107DA000012070474831D0F8903049015B5813F4F6
:107DB000004004D013F4001F0CBF022001207047C4
:107DC00000EB8101CB68196A0B6813604B68536044
:107DD0007047000000EB810330B5DD68AA691368C5
:107DE000D36019B9402B84BF402313606B8A146899
:107DF000D0F890201C4402EB4110013C09B2B4FBC6
:107E0000F3F46343033323F0030343EAC44343F02F
:107E1000C043C0F8103B2B6803F00303012B0ED1C5
:107E2000D2F8083802EB411013F4807FD0F8003B01
:107E300014BF43F0805343F00053C0F8003B02EB03
:107E40004112D2F8003B43F00443C2F8003B30BD7E
:107E50002DE9F041D0F8906005460C4606EB411341
:107E6000D3F8087B3A07C3F8087B08D5D6F814384E
:107E70001B0704D500EB8103DB685B689847FA07B2
:107E80001FD5D6F81438DB071BD505EB8403D9685A
:107E9000CCB98B69488A5A68B2FBF0F600FB16220F
:107EA0008AB91868DA6890420DD2121AC3E9002420
:107EB000302383F3118821462846FFF78BFF84F394
:107EC0001188BDE8F081012303FA04F26B8923EAEB
:107ED00002036B81CB68002BF3D021462846BDE816
:107EE000F041184700EB81034A0170B5DD68D0F816
:107EF00090306C692668E66056BB1A444FF4002047
:107F0000C2F810092A6802F00302012A0AB20ED14F
:107F1000D3F8080803EB421410F4807FD4F800096A
:107F200014BF40F0805040F00050C4F8000903EB4B
:107F30004212D2F8000940F00440C2F800090122C0
:107F4000D3F8340802FA01F10143C3F8341870BDC4
:107F500019B9402E84BF4020206020681A442E8A20
:107F60008419013CB4FBF6F440EAC44040F00050F0
:107F7000C6E700002DE9F843D0F8906005460C46AE
:107F80004F0106EB4113D3F8088918F0010FC3F82D
:107F900008891CD0D6F81038DB0718D500EB810310
:107FA000D3F80CC0DCF81430D3F800E0DA6896455A
:107FB00030D2A2EB0E024FF000091A60C3F8049011
:107FC000302383F31188FFF78DFF89F3118818F0B0
:107FD000800F1DD0D6F834380126A640334217D082
:107FE00005EB84030134D5F89050D3F80CC0E4B20B
:107FF0002F44DCF8142005EB0434D2F800E051687B
:10800000714514D3D5F8343823EA0606C5F8346828
:10801000BDE8F883012303FA01F2038923EA02038E
:108020000381DCF80830002BD1D09847CFE7AEEBC6
:108030000103BCF81000834228BF0346D7F8180993
:1080400080B2B3EB800FE3D89068A0F1040959F82F
:10805000048FC4F80080A0EB09089844B8F1040F1D
:10806000F5D818440B4490605360C8E72DE9F84FE9
:10807000D0F8905004466E69AB691E4016F48058E3
:108080006E6103D0BDE8F84FFDF7E0BF002E12DAB5
:10809000D5F8003E9B0705D0D5F8003E23F003033A
:1080A000C5F8003ED5F80438204623F00103C5F892
:1080B0000438FDF7F9FF370505D52046FFF772FCB8
:1080C0002046FDF7DFFFB0040CD5D5F8083813F0D3
:1080D000060FEB6823F470530CBF43F4105343F4C2
:1080E000A053EB6031071BD56368DB681BB9AB6934
:1080F00023F00803AB612378052B0CD1D5F8003EA3
:108100009A0705D0D5F8003E23F00303C5F8003EDA
:108110002046FDF7C9FF6368DB680BB1204698472E
:10812000F30200F1BA80B70226D5D4F89090002768
:108130004FF0010A09EB4712D2F8003B03F4402349
:10814000B3F5802F11D1D2F8003B002B0DDA6289F4
:108150000AFA07F322EA0303638104EB8703DB686F
:10816000DB6813B13946204698470137D4F894307C
:10817000FFB29B689F42DDD9F00619D5D4F8900074
:10818000026AC2F30A1702F00F0302F4F012B2F50A
:10819000802F00F0CA80B2F5402F09D104EB830391
:1081A000002200F58050DB681B6A974240F0B080E7
:1081B0003003D5F8185835D5E90303D500212046FA
:1081C000FFF746FEAA0303D501212046FFF740FE34
:1081D0006B0303D502212046FFF73AFE2F0303D598
:1081E00003212046FFF734FEE80203D50421204690
:1081F000FFF72EFEA90203D505212046FFF728FE32
:108200006A0203D506212046FFF722FE2B0203D582
:1082100007212046FFF71CFEEF0103D50821204669
:10822000FFF716FE700340F1A780E90703D5002190
:108230002046FFF79FFEAA0703D501212046FFF73E
:1082400099FE6B0703D502212046FFF793FE2F0707
:1082500003D503212046FFF78DFEEE0603D504214A
:108260002046FFF787FEA80603D505212046FFF725
:1082700081FE690603D506212046FFF77BFE2A060C
:1082800003D507212046FFF775FEEB0574D5204680
:108290000821BDE8F84FFFF76DBED4F890904FF07D
:1082A000000B4FF0010AD4F894305FFA8BF79B680B
:1082B0009F423FF638AF09EB4713D3F8002902F489
:1082C0004022B2F5802F20D1D3F80029002A1CDAF1
:1082D000D3F8002942F09042C3F80029D3F80029CE
:1082E000002AFBDB3946D4F89000FFF787FB228990
:1082F0000AFA07F322EA0303238104EB8703DB680E
:108300009B6813B13946204698470BF1010BCAE729
:10831000910701D1D0F80080072A02F101029CBF29
:1083200003F8018B4FEA18283FE704EB830300F5BD
:108330008050DA68D2F818C0DCF80820DCE9001CAC
:10834000A1EB0C0C00218F4208D1DB689B699A6875
:108350003A449A605A683A445A6029E711F0030F88
:1083600001D1D0F800808C4501F1010184BF02F8F1
:10837000018B4FEA1828E6E7BDE8F88F08B50348F7
:10838000FFF774FEBDE80840FFF744BA3C650020E3
:1083900008B50348FFF76AFEBDE80840FFF73ABAA0
:1083A000D8650020D0F8903003EB4111D1F8003BA4
:1083B00043F40013C1F8003B70470000D0F8903040
:1083C00003EB4111D1F8003943F40013C1F800392F
:1083D00070470000D0F8903003EB4111D1F8003B1A
:1083E00023F40013C1F8003B70470000D0F8903030
:1083F00003EB4111D1F8003923F40013C1F800391F
:1084000070470000064BD3F8DC200243C3F8DC20A1
:10841000D3F804211043C3F80401D3F804317047A2
:108420000044025808B53C4B4FF0FF31D3F8802090
:1084300062F00042C3F88020D3F8802002F00042AE
:10844000C3F88020D3F88020D3F88420C3F88410A8
:10845000D3F884200022C3F88420D3F88400D86F96
:1084600040F0FF4040F4FF0040F4DF4040F07F0068
:10847000D867D86F20F0FF4020F4FF0020F4DF40E1
:1084800020F07F00D867D86FD3F888006FEA40509B
:108490006FEA5050C3F88800D3F88800C0F30A0090
:1084A000C3F88800D3F88800D3F89000C3F8901080
:1084B000D3F89000C3F89020D3F89000D3F894003C
:1084C000C3F89410D3F89400C3F89420D3F8940020
:1084D000D3F89800C3F89810D3F89800C3F8982000
:1084E000D3F89800D3F88C00C3F88C10D3F88C0024
:1084F000C3F88C20D3F88C00D3F89C00C3F89C10F0
:10850000D3F89C10C3F89C20D3F89C30FCF720FAD9
:10851000BDE8084000F0D6B90044025808B5012271
:10852000534BC3F80821534BD3F8F42042F0020216
:10853000C3F8F420D3F81C2142F00202C3F81C2136
:108540000222D3F81C314C4BDA605A689104FCD5F6
:108550004A4A1A6001229A60494ADA6000221A6186
:108560004FF440429A61444B9A699204FCD51A68D0
:1085700042F480721A603F4B1A6F12F4407F04D0AD
:108580004FF480321A6700221A671A6842F001021B
:108590001A60384B1A685007FCD500221A611A6914
:1085A00012F03802FBD1012119604FF0804159606F
:1085B0005A67344ADA62344A1A611A6842F48032DD
:1085C0001A602C4B1A689103FCD51A6842F4805249
:1085D0001A601A689204FCD52C4A2D499A6200222E
:1085E0005A63196301F57C01DA6301F2E7119963BB
:1085F0005A64284A1A64284ADA621A6842F0A85271
:108600001A601C4B1A6802F02852B2F1285FF9D1A7
:1086100048229A614FF48862DA6140221A621F4A46
:10862000DA641F4A1A651F4A5A651F4A9A6532233F
:108630001E4A1360136803F00F03022BFAD10D4A90
:10864000136943F003031361136903F03803182B14
:10865000FAD14FF00050FFF7D5FE4FF08040FFF702
:10866000D1FE4FF00040BDE80840FFF7CBBE00BF91
:1086700000800051004402580048025800C000F039
:10868000020000010000FF01008890082220400045
:1086900063020901470E0508DD0BBF012000002021
:1086A000000001100910E00000010110002000523C
:1086B0004FF0B04208B5D2F8883003F00103C2F899
:1086C000883023B1044A13680BB150689847BDE85D
:1086D0000840FFF79FB800BFB46600204FF0B042DB
:1086E00008B5D2F8883003F00203C2F8883023B10D
:1086F000044A93680BB1D0689847BDE80840FFF77B
:1087000089B800BFB46600204FF0B04208B5D2F877
:10871000883003F00403C2F8883023B1044A136997
:108720000BB150699847BDE80840FFF773B800BF28
:10873000B46600204FF0B04208B5D2F8883003F09C
:108740000803C2F8883023B1044A93690BB1D06999
:108750009847BDE80840FFF75DB800BFB466002049
:108760004FF0B04208B5D2F8883003F01003C2F8D9
:10877000883023B1044A136A0BB1506A9847BDE8A8
:108780000840FFF747B800BFB46600204FF0B04381
:1087900010B5D3F8884004F47872C3F88820A30693
:1087A00004D5124A936A0BB1D06A9847600604D583
:1087B0000E4A136B0BB1506B9847210604D50B4A38
:1087C000936B0BB1D06B9847E20504D5074A136C45
:1087D0000BB1506C9847A30504D5044A936C0BB1B8
:1087E000D06C9847BDE81040FFF714B8B46600207D
:1087F0004FF0B04310B5D3F8884004F47C42C3F87E
:108800008820620504D5164A136D0BB1506D984748
:10881000230504D5124A936D0BB1D06D9847E0043F
:1088200004D50F4A136E0BB1506E9847A10404D5BE
:108830000B4A936E0BB1D06E9847620404D5084A78
:10884000136F0BB1506F9847230404D5044A936FFC
:108850000BB1D06F9847BDE81040FEF7DBBF00BFFB
:10886000B466002008B50348FCF73AFCBDE80840B0
:10887000FEF7D0BFC836002008B50348FCF734FD2A
:10888000BDE80840FEF7C6BF2039002008B5034800
:10889000FCF72AFDBDE80840FEF7BCBF8C3900207C
:1088A00008B50348FCF720FDBDE80840FEF7B2BF5D
:1088B000F839002008B500F0BDFCBDE80840FEF71F
:1088C000A9BF0000062108B50846FCF793FD062164
:1088D0000720FCF78FFD06210820FCF78BFD062101
:1088E0000920FCF787FD06210A20FCF783FD0621FD
:1088F0001720FCF77FFD06212820FCF77BFD0921CE
:108900007A20FCF777FD09217C20FCF773FD072115
:108910003220FCF76FFD0C212720FCF76BFD0C21AA
:108920003520FCF767FD0C215220BDE80840FCF71C
:1089300061BD000008B5FFF775FD00F043FCFDF7D1
:1089400039F9FDF7D7F8FDF70FFBFDF7E1F9FEF771
:10895000A3F9BDE8084000F029BA000030B504339F
:10896000039C0172002104FB0325C160C0E906538A
:10897000049B0363059BC0E90000C0E90422C0E931
:108980000842C0E90A11436330BD00000022416A79
:10899000C260C0E90411C0E90A226FF00101FDF7CD
:1089A000F1BE0000D0E90432934201D1C2680AB995
:1089B000181D704700207047036919600021C268C4
:1089C0000132C260C269134482699342036124BFC9
:1089D000436A0361FDF7CABE38B504460D46E36835
:1089E0003BB162690020131D1268A3621344E36265
:1089F00007E0237A33B929462046FDF7A7FE002871
:108A0000EDDA38BD6FF00100FBE70000C368C26912
:108A1000013BC3604369134482699342436124BFAD
:108A2000436A436100238362036B03B118477047B5
:108A300070B53023044683F31188866A3EB9FFF788
:108A4000CBFF054618B186F31188284670BDA36A8E
:108A5000E26A13F8015B9342A36202D32046FFF758
:108A6000D5FF002383F31188EFE700002DE9F84FCD
:108A700004460E46174698464FF0300989F3118890
:108A80000025AA46D4F828B0BBF1000F09D1414611
:108A90002046FFF7A1FF20B18BF311882846BDE8DF
:108AA000F88FD4E90A12A7EB050B521A934528BF99
:108AB0009346BBF1400F1BD9334601F1400251F8F8
:108AC000040B914243F8040BF9D1A36A40364035B8
:108AD0004033A362D4E90A239A4202D32046FFF727
:108AE00095FF8AF31188BD42D8D289F31188C9E76E
:108AF00030465A46F9F70EF9A36A5E445D445B447A
:108B0000A362E7E710B5029C0433017203FB042162
:108B1000C460C0E906130023C0E90A33039B036362
:108B2000049BC0E90000C0E90422C0E90842436395
:108B300010BD0000026A6FF00101C260426AC0E924
:108B400004220022C0E90A22FDF71CBED0E904235A
:108B50009A4201D1C26822B9184650F8043B0B6012
:108B6000704700231846FAE7C3680021C269013341
:108B7000C3604369134482699342436124BF436ADB
:108B80004361FDF7F3BD000038B504460D46E368C8
:108B90003BB1236900201A1DA262E2691344E3621B
:108BA00007E0237A33B929462046FDF7CFFD002898
:108BB000EDDA38BD6FF00100FBE7000003691960D2
:108BC000C268013AC260C269134482699342036178
:108BD00024BF436A036100238362036B03B1184718
:108BE0007047000070B530230D460446114683F3EC
:108BF0001188866A2EB9FFF7C7FF10B186F3118876
:108C000070BDA36A1D70A36AE26A01339342A36236
:108C100004D3E16920460439FFF7D0FF002080F338
:108C20001188EDE72DE9F84F04460D469046994628
:108C30004FF0300A8AF311880026B346A76A4FB96D
:108C400049462046FFF7A0FF20B187F31188304640
:108C5000BDE8F88FD4E90A073A1AA8EB060797424D
:108C600028BF1746402F1BD905F1400355F8042BA8
:108C70009D4240F8042BF9D1A36A40364033A362E9
:108C8000D4E90A239A4204D3E16920460439FFF764
:108C900095FF8BF311884645D9D28AF31188CDE729
:108CA00029463A46F9F736F8A36A3D443E443B4428
:108CB000A362E5E7D0E904239A4217D1C3689BB1C8
:108CC000836A8BB1043B9B1A0ED01360C368013BCF
:108CD000C360C3691A4483699A42026124BF436A2C
:108CE0000361002383620123184670470023FBE7DA
:108CF00001F01F03F0B502F01F0456095A1C0123AE
:108D0000B6EB511F50F8265003FA02F34FEA511701
:108D100003F1FF333DBF50F82720C4F1200013407A
:108D200003EA05003BBF03FA00F225FA04F0E04035
:108D30001043F0BD70B57E227F210546FFF7D8FFB6
:108D400018B1012819D0002070BD3E2249212846C3
:108D5000FFF7CEFF2F22044631212846FFF7C8FF38
:108D6000064601345022023653212846B440FFF70C
:108D7000BFFF093804FA00F0E6E730224521284613
:108D8000FFF7B6FF01308002DEE7000090F8D63032
:108D900090F8D7201B0403EB026390F8D42090F8DE
:108DA000D500134403EB00207047000000F018BA10
:108DB000014B586A704700BF000C0040034B002273
:108DC00058631A610222DA60704700BF000C00404D
:108DD000014B0022DA607047000C0040014B5863E1
:108DE000704700BF000C0040024B034A1A60034A60
:108DF0005A6070478C66002038670020000002200F
:108E0000074B494210B55C68201A08401968821A5D
:108E10008A4203D3A24201D85A6010BD0020FCE769
:108E20008C66002008B5302383F31188FFF7E8FF34
:108E3000002383F3118808BD0448054B0360002319
:108E4000C0E901330C3000F017B900BF9466002070
:108E5000258E0008CB1D083A23F00703591A521A31
:108E600010B4D2080024C0E9004384600C301C60B8
:108E70005A605DF8044B00F0FFB800002DE9F74F91
:108E8000364FCD1D8846002818BF0746082A4FEAEE
:108E9000D50538BF082207F10C003C1D9146019012
:108EA00000F02CF9019809F10701C9F1000E2246E2
:108EB000246864B900F02CF93B68CBB3082249461A
:108EC000E8009847044698B340E9027830E004EBA4
:108ED000010CD4F804A00CEA0E0C0AF10106ACF166
:108EE000080304EBC6069E42E1D9A6EB0C0CB5EBD9
:108EF000EC0F4FEAEC0BDAD89C421DD204F10802C9
:108F0000AB45A3EB02024FEAE202626009D9691C99
:108F1000ED4303EBC1025D445560256843F83150D1
:108F200022601C46C3F8048044F8087B00F0F0F887
:108F3000204603B0BDE8F08FAA45216802D1116038
:108F40002346EEE7013504EBC50344F8351003F181
:108F50000801761AF6105E601360F1E7946600204F
:108F600073B50446A0F1080550F8080C54F8043C09
:108F7000061D0C3007330190DB0844F8043C00F078
:108F8000BDF8334601989E421A6801D0AB4228D200
:108F90000AB1954225D244F8082C54F8042C1D60DF
:108FA000013254F8081C05EBC206B14206D14E68E6
:108FB000324444F8042C0A6844F8082C5E68711C9A
:108FC00003EBC1018D4207D154F8042C0132324425
:108FD0005A6054F8082C1A6002B0BDE8704000F0E6
:108FE00097B81346CFE70000FEE7000070B51E4BB0
:108FF0000025044686B058600E4605638163FEF77F
:10900000E1FB04F12803A5606563C4E90A3304F1B8
:109010001003C4E904334FF0FF33C4E90044C4E94A
:109020000635FFF7C5FE2B46024604F13C012046FB
:10903000C4E9082380230D4A6567FDF701FB7368C7
:10904000E0600B4A03620123009280F824306846F6
:10905000F26801923269CDE90223064BCDE904356D
:10906000FDF722FB06B070BD10490020109D0008DE
:10907000089D0008E98F00080023C0E90000836014
:109080000361704770B51C4B05468468DE685CB3AD
:10909000B44213D103690133036170BDA36094F836
:1090A000243083B1062B15D1A06A2146D4E90032C1
:1090B00013605A60FDF730FAA36A9C68B368A2682F
:1090C0009A42EBD306E0D4E90032204613605A609E
:1090D000FDF732FA28463146FDF71EFAB562062042
:1090E000BDE87040FDF72ABA036986600133036169
:1090F000336BC3603063D0E76846002008B5302387
:1091000083F31188FFF7BEFF002383F3118808BDA6
:10911000194BD96883688B4210B520D1302383F373
:1091200011880269013A0261B2B90468C368A042B9
:109130000B631ED04A6B9BB901238A6003610368ED
:109140001A68026050601A6B8360C2601863184628
:10915000FDF7F2F9FDF742FA002383F3118810BD01
:109160001C68A34203D0A468A24238BF2246DB6831
:10917000E1E78260F0E700BF68460020024A536BD7
:1091800018435063704700BF6846002038B5EFF3BE
:1091900011859DB9EFF30584C4F30804302334B17D
:1091A00083F31188FDF726FC85F3118838BD83F31E
:1091B0001188FDF71FFC84F3118838BDBDE83840E5
:1091C000FDF718BC0023054A19460133102BC2E9EC
:1091D000001102F10802F8D1704700BFB466002008
:1091E000114BD3F8E82042F00802C3F8E820D3F886
:1091F000102142F00802C3F810210C4AD3F81031B4
:10920000D36B43F00803D363C722094B9A624FF034
:10921000FF32DA6200229A615A63DA605A600122F0
:109220005A611A60704700BF004402580010005C89
:10923000000C0040094A08B51169D3680B40D9B247
:109240009B076FEA0101116107D5302383F3118871
:10925000FDF7EAF9002383F3118808BD000C0040F4
:1092600010B501390244904201D1002005E0037895
:1092700011F8014FA34201D0181B10BD0130F2E7D5
:10928000884210B501EB020402D98442234607D874
:10929000431EA14208D011F8012B03F8012FF8E773
:1092A000024401468A4200D110BD13F8014D02F874
:1092B000014DF7E7C9B2034610F8012B1AB18A42F3
:1092C000F9D118467047002918BF0023F9E70000BC
:1092D000034611F8012B03F8012B002AF9D170473E
:1092E00010B50139034632B111F8014F03F8014BB3
:1092F000013A002CF7D11A440021934200D110BD4D
:1093000003F8011BF9E700004D4435002D2D0A003C
:109310002F6172647570696C6F742E6162696E0082
:109320002F6172647570696C6F742D7665726966F1
:10933000792E6162696E002F6172647570696C6F5D
:10934000742D666C6173682E6162696E002F6172A4
:10935000647570696C6F742D666C61736865642EDA
:109360006162696E00000000000000000000000063
:10937000050F0008A10F000851110008D90F0008BF
:10938000990F00080000000000000000010F000815
:10939000AD0F000889110008FD0E0008090F000834
:1093A00053544D333248373F3F3F0053544D3332CF
:1093B000483733782F3732780053544D333248379B
:1093C00034332F3735332F373530000001105A0032
:1093D0000310590001205800032056002F00000000
:1093E0005375636365737366756C6C79206D6F7507
:1093F0006E746564205344436172642028736C6FFB
:1094000077646F776E3D2575290A0000EB769045ED
:109410005846415420202000464154333220202019
:10942000000000002A3A3C3E7C223F7F002B2C3B70
:109430003D5B5D00435545414141414345454549FB
:10944000494941414592924F4F4F5555594F554FBC
:109450009C4F9E9F41494F55A5A5A6A7A8A9AAAB79
:10946000ACADAEAFB0B1B2B3B4414141B8B9BABB23
:10947000BCBDBEBFC0C1C2C3C4C54141C8C9CACBBF
:10948000CCCDCECFD1D145454549494949D9DADB83
:10949000DCDD49DF4FE14F4F4F4FE6E8E8555555CA
:1094A0005959EEEFF0F1F2F3F4F5F6F7F8F9FAFBAB
:1094B000FCFDFEFF01030507090E10121416181C0F
:1094C0001E00000061001A03E0001703F800070304
:1094D000FF0001007801000130013201060139016D
:1094E00010014A012E017901060180014D0043025D
:1094F0008101820182018401840186018701870143
:1095000089018A018B018B018D018E018F019001F0
:109510009101910193019401F6019601970198013F
:1095200098013D029B019C019D0120029F01A00129
:10953000A001A201A201A401A401A601A701A70103
:10954000A901AA01AB01AC01AC01AE01AF01AF01B1
:10955000B101B201B301B301B501B501B701B80161
:10956000B801BA01BB01BC01BC01BE01F701C001D9
:10957000C101C201C301C401C501C401C701C801C1
:10958000C701CA01CB01CA01CD011001DD010100F3
:109590008E01DE011201F3010300F101F401F40177
:1095A000F8012801220212013A020900652C3B024F
:1095B0003B023D02662C3F0240024102410246024C
:1095C0000A015302400081018601550289018A0186
:1095D00058028F015A0290015C025D025E025F0236
:1095E00093016102620294016402650266026702ED
:1095F000970196016A02622C6C026D026E029C0158
:10960000700271029D01730274029F01760277025B
:10961000780279027A027B027C02642C7E027F024D
:10962000A60181028202A9018402850286028702C4
:10963000AE014402B101B20145028D028E028F02D9
:1096400090029102B7017B030300FD03FE03FF03B9
:10965000AC0304008603880389038A03B103110362
:10966000C2030200A303A303C4030803CC03030043
:109670008C038E038F03D8031801F2030A00F90349
:10968000F303F403F503F603F703F703F903FA030F
:10969000FA033004200350041007600422018A04F6
:1096A0003601C1040E01CF040100C004D0044401FE
:1096B00061052604000000007D1D0100632C001ED2
:1096C0009601A01E5A01001F0806101F0606201F43
:1096D0000806301F0806401F0606511F0700591FC5
:1096E000521F5B1F541F5D1F561F5F1F601F080620
:1096F000701F0E00BA1FBB1FC81FC91FCA1FCB1F78
:10970000DA1FDB1FF81FF91FEA1FEB1FFA1FFB1FF1
:10971000801F0806901F0806A01F0806B01F04003F
:10972000B81FB91FB21FBC1FCC1F0100C31FD01F21
:109730000206E01F0206E51F0100EC1FF31F0100F7
:10974000FC1F4E21010032217021100284210100F2
:109750008321D0241A05302C2F04602C0201672CA1
:109760000601752C0201802C6401002D260841FFA2
:109770001A030000C700FC00E900E200E400E0007A
:10978000E500E700EA00EB00E800EF00EE00EC0087
:10979000C400C500C900E600C600F400F600F200EF
:1097A000FB00F900FF00D600DC00F800A300D800A1
:1097B000D7009201E100ED00F300FA00F100D100C2
:1097C000AA00BA00BF00AE00AC00BD00BC00A10002
:1097D000AB00BB0091259225932502252425C100CD
:1097E000C200C000A9006325512557255D25A200B0
:1097F000A5001025142534252C251C2500253C25E5
:10980000E300C3005A2554256925662560255025A7
:109810006C25A400F000D000CA00CB00C8003101C4
:10982000CD00CE00CF0018250C2588258425A60064
:10983000CC008025D300DF00D400D200F500D50095
:10984000B500FE00DE00DA00DB00D900FD00DD001F
:10985000AF00B400AD00B1001720BE00B600A700F5
:10986000F700B800B000A800B700B900B300B2001C
:10987000A025A0001000024008000240000802409D
:1098800000000B00280002400800024004080240CB
:1098900006010C0040000240080002400808024097
:1098A00010020D0058000240080002400C0802405F
:1098B00016030E00700002400C0002401008024027
:1098C00000040F00880002400C000240140802400F
:1098D00006051000A00002400C00024018080240DB
:1098E00010061100B80002400C0002401C080240A3
:1098F00016072F001004024008040240200802400E
:1099000000083800280402400804024024080240ED
:1099100006093900400402400804024028080240B9
:10992000100A3A0058040240080402402C08024081
:10993000160B3B00700402400C0402403008024049
:10994000000C3C00880402400C0402403408024031
:10995000060D4400A00402400C04024038080240F6
:10996000100E4500B80402400C0402403C080240BE
:10997000160F4600010000000000000000960000E5
:1099800000000000000000000000000000000000D7
:109990000000000000000000916C0008956C0008B9
:1099A00089570008C15A00081D570008455700088C
:1099B0006D5700080557000800000000755B00089F
:1099C000615B00089D5B0008895B0008955B0008EF
:1099D000815B00086D5B0008595B0008A95B00080B
:1099E000000000008D5C0008795C0008B55C000890
:1099F000A15C0008AD5C0008995C0008855C00086B
:109A0000715C0008C15C000800000000010000005B
:109A10000000000063300000149A000800000000FD
:109A200000000000E0460020104900200000802ACD
:109A300000020000AAAAAAAA00000024FFFF00005A
:109A40000000000000A00A00800200A0000000004A
:109A5000AAAAAAAA40010050FFFF00000090090036
:109A6000000000990000105600000000AAAAAAAA4F
:109A700000000055FFFB000000000000000008008F
:109A800020A15A00000C0000AAAAAAAA10410500B1
:109A9000FFFF0000000800BB7700000010800200FC
:109AA00000000000AAAAAAAA00400100FBFF0000D3
:109AB000000000700700000000000000000000002F
:109AC000AAAAAAAA00000000FFFF000000000000F0
:109AD000000000000000000000000000AAAAAAAADE
:109AE00000000000FFFF0000000000000000000078
:109AF0000000000000000000AAAAAAAA00000000BE
:109B0000FFFF000000000000000000000000000057
:109B100000000000AAAAAAAA00000000FFFF00009F
:109B20000000000000000000000000000000000035
:109B3000AAAAAAAA00000000FFFF0000000000007F
:109B4000000000000000000000000000AAAAAAAA6D
:109B500000000000FFFF0000000000000000000007
:109B6000486F6C7962726F0025424F415244252D37
:109B7000424C002553455249414C2500020000004B
:109B800000000000AD5E00081D5F000840004000BE
:109B9000C0610020D0610020020000000000000031
:109BA0000300000000000000655F000800000000E6
:109BB00010000000E0610020000000000100000033
:109BC000000000003C650020010102008D6D0008CE
:109BD0009D6C0008396D00081D6D000843000000F1
:109BE000E49B000809024300020100C0320904009E
:109BF00000010202010005240010010524010001FA
:109C0000042402020524060001070582030800FF60
:109C100009040100020A00000007050102400000DB
:109C2000070581024000000012000000309C00087F
:109C300012011001020000406231530000020102D3
:109C4000030100000403090425424F41524425004A
:109C50005069786861776B36430030313233343580
:109C60003637383941424344454600000000002061
:109C700000000200020000000000003000000400AC
:109C8000080000000000002400000800040000009C
:109C90000004000000FC000002000000000004308E
:109CA00000800000080000000000003800000100F3
:109CB000010000001F1C1F1E1F1E1F1F1E1F1E1F36
:109CC0001F1D1F1E1F1E1F1F1E1F1E1F0000000026
:109CD000C160000879630008256400084000400066
:109CE0007466002074660020010000008466002075
:109CF000800000004001000008000000000100009A
:109D0000001000000800000069646C65000000009D
:109D10006D61696E002C0438040438080C10141CA2
:109D20002024252600000000000064040100040037
:109D300000000000000C0010283034002C67FF7F6A
:109D400001000000000000003800000000000000DA
:109D500000001E0000000000FF0000001849002065
:109D6000F83900208C390020203900200000000044
:109D7000A093000883040000AB9300085004000087
:109D8000B9930008010000000000000000960000E8
:109D90000000080096000000000800000400000019
:109DA000449C0008000000000000000000000000CB
:0C9DB000000000000000000000000000A7
:00000001FF
